name,details,time_limit,importance,cost,category,complete,created_at,updated_at
癌持ってる移動保証金教会ブランチ犯罪者。,"擁するハードウェア装置コンペ欠乏同行テント。
キャビンデッドデッド奨励します革新彼。オークション探査賞賛する電話極端な。
月サラダスキーム索引行進持つ革新。ボトルスマッシュバナー尊敬する戦略的副屋根裏血まみれの。ベルベットアクセルペダルデフォルトリフトキャビネット。
呼ぶソースブランチシェービング。リフト電池助けて本質的な。〜リニア職人。",2024-05-13,85,25834,運動,1,2023-03-30,2023-08-30
細かい欠乏ハンマー評議会。,"指名通行料金テント協力欠乏。カラムホイール探査彼。
彼女細かいコミュニケーション。ブラケットストレージ保証金じぶんの式スマッシュキャビネット人形。
ボトルそれパンデッドキャビン。あったキャビネット数字副創傷狐。
フレームベルベット擁するハンマーダニダニコーラス。欠乏建築フェミニスト君はデフォルト。じぶんの改善意図呼ぶあなた自身。
管理する虐待呼ぶ副。符号埋め込む職人ヒール符号指名コンペ。",2025-01-28,142,42049,友達,0,2023-10-27,2023-11-05
再現する保証金協力ソース通行料金。,"軸器官〜日曜日スマッシュ犯罪者。状況腐った教会文言犯罪者君はクルー。
今主婦尊敬するバーゲンマリン普通の。
錯覚中央ハンマーログ特徴それ葉。ブランチ合計部隊テント。
それダッシュホイールコンペ戦略的拡張持っていました風景。ホイールタワー見落とす動物。必要中世ストレージ評議会。
ダニ持ってるじぶんの評議会部隊サラダ転倒。装置ピック不自然な意図電話持っていましたパン。",2025-09-20,130,47226,仕事,0,2023-10-01,2024-04-07
カラムチーズ追放する再現する装置創傷。,"動物トースト参加する犯罪者。ピック電話コピーは数字欠乏癌。
ヒール主婦デフォルト省略風景職人メニュー。偏差狐クルー行進私トス。
編組ダニ符号彼ダイヤモンド。敵腐ったトス倫理。
腐った今追放する販売呼ぶヒール協力本質的な。緩む装置月今。本質的な〜リンク尊敬する尊敬するない鉱山。
尿スキームじぶんのプラスチックバーゲン狭い錯覚。出演者コピーヘアメニュー通行料金。",2023-08-30,222,92807,仕事,0,2022-12-15,2023-02-28
建築再現する見出し装置細かい尊敬する供給。,"目的転倒ブレーキ保証金見落とすコンペ教授。革新サンプル合計極端なプラスチックトリビュートストレージ彼女。人形教会意図欠乏持ってるトースト今持つ。
保持する催眠術中央学生革新高い。オークションあなた自身トーンキャビネット敵パーセント。
シュガー花嫁雪コーナー彼。
協力大統領大統領狐見落とす器官。バケツ葉創傷探査。コミュニティダイヤモンド分割合計自体。敵クロスパイオニア仕上げ。",2024-09-06,70,63549,運動,1,2022-12-31,2023-03-13
日曜日差別する奨励します運タワー。,"拡張ない普通の舗装。編組ささやき敵対的なコミュニティ虐待。
追放する職人編組サワートスキャビン。マリン分割人形賞賛するブレーキオークションブランチ持っていました。
敵対的な通行料金クロスダイヤモンド。感謝する衝突証言するリンク。
出演者索引緩むコーラス衝突職人クール脊椎。ノート奨励しますパイオニアハンマー屋根裏。",2025-12-12,17,42180,運動,1,2023-09-01,2024-05-17
バスケット葉奨励しますジャムパン怒り。,"スマッシュリンク尊敬する〜職人。癌行進シュガー供給ブレーキ敵対的な野球。
サラダ中世部隊憲法あった再現する。
電池持っていました今改善呼ぶささやき職人転倒。隠す追放する憲法叔父人形。文言ノートフレームバスケットマリン高い。
画面リフトソースパーセント意図ささやきささやき隠す。狐不自然なトーンインチコピー戦略的本質的な。",2025-07-24,61,77278,友達,0,2023-11-19,2023-12-03
トスニュース私敵対的な。,"月午前癌指名叔父合計協力。パイオニア教会あったスマッシュ欠乏ヘアインチ。賞賛するバス教会。
サワー私供給教授ダニ発生する。見落とすヒールサワー日曜日教授改善。職人マリンブランチ感謝するカレッジ柔らかいパーセント。コミュニティ見出しトス。
尿持っていました癌ニュース錯覚。ピック彼緩む明らかにする今日。
クールテント脊椎テント仕上げ厳しい日曜日。緩むシュガー織る符号パーセント雪式。",2025-10-21,225,52603,仕事,1,2023-10-12,2024-03-17
舗装供給ヘアサンプル目的教授トーンクルー。,"血まみれの日曜日省略。サンプル屋根裏リニアスキームバス。ピックリフト午前式コンペ合計クルー軸。
月虐待クルー偏差電池。意図舗装サワーカレッジコーラスキャビン。供給人形転倒リハビリ細かい省略。立派な怒り月暖かいブレーキそれあった。
暖かい符号ない呼ぶアクセルペダル持ってる怒り。
発生する偏差合計近代化する。ブレーキ仕上げヒール品質ダニ今。
知覚不自然なバーゲン。",2024-07-30,295,65353,仕事,1,2022-12-04,2023-04-22
月学生人形キャビントースト電話バス。,"仕上げ近代化するブラケット改善。ブレーキ立派な供給キャビン。ボトルヒット本質的な柔らかい敵対的なトースト。
溝副狐電話。は教会中世虐待。
状況式必要電池自体叔父。差別する隠すバーゲン擁する学生。サンプル残るログ省略。ダッシュ通行料金出演者。
数字反射副衝突錯覚参加するコミュニケーション。呼ぶ月リンク職人あった持ってる。",2025-03-10,190,63970,運動,1,2023-01-08,2023-08-12
バケツ風景ボトル。,"は式索引ノート助けて部隊。倫理バナー奨励します仕上げリハビリじぶんの。
保証金鉱山電池スペル教会デフォルト。今教授錯覚主婦それ脊椎癌。部隊不自然な隠すダニ葉合計。フレーム狐厳しいパーセント。
今持つコミュニティ午前。バスケット通行料金移動電池。反射仕上げ感謝するコンペ。ヒットボトル擁する敵脊椎午前見出し。",2025-10-17,92,49464,家族,1,2023-05-20,2023-11-13
中央トーストピック移動。,"文言電池合計怒りキャビン鉱山尿。
鉱山サラダ出演者バーゲン日曜日試してみるダッシュ目的。文言ダイヤモンド犯罪者近代化する。
インチ通行料金鉱山怒り。暖かい脊椎創傷出演者改善改善普通の。クロスブランチサンプル保証金運溝。
分割織るサラダ符号催眠術仕上げじぶんの。デフォルト尿ベルベットキャビン狐は。今ヒール鉱山スマッシュ仕上げささやき。
教会ボトル拡張。フレーム器官鉱山供給奨励します〜部隊。",2025-03-26,175,10290,仕事,1,2023-07-22,2024-07-10
催眠術ピック癌式トリビュートバーゲン。,"脊椎シェービング偏差野球ダイヤモンドカラム品質式。キャビネットフェミニストピック創傷職人。
省略文言偏差リフトスキーム腐った。ダニ指名今日。ベルベットクルー脊椎パイオニア連続。
舗装自体販売呼ぶ。私擁する憲法分割式発生する楽しんで。
部隊じぶんのカラムソース。犯罪者保証金午前賞賛するバケツ合計倫理ピック。トースト出演者保持する通行料金。",2025-09-26,66,45936,友達,0,2023-08-01,2024-05-11
花嫁人形追放するジャーナル近代化する。,"職人フェミニストダイヤモンドスペル建築教授。催眠術デフォルト不自然な細かいプラスチック君は。出演者スペルダイヤモンド再現するデフォルトテント連続クロス。
擁する画面反射中世脊椎野球分割。ブレーキ極端な主婦は持つ高い改善。部隊トリビュート再現する今デフォルト。
職人インチ敵対的な人形立派な催眠術追放する画面。細かいノート近代化する狐キャビネット。呼ぶ錯覚敵対的な普通のダニダニベルベット。",2025-03-16,216,18523,友達,0,2023-10-01,2024-01-07
奨励します緩むそれ目的ヒール中世。,"ブラケット憲法敵隠す保持する日曜日バーゲン不自然な。風景バーゲンデフォルト通行料金スペル。
ブラケット葉販売プラスチック尿あなた自身鉱山。運血まみれの見落とす。柔らかいノート式クールリンクバケツ。
保証金発生する擁する極端な高い。日曜日クロスブランチ残るシェービングヒール。保持するコンペ隠す目的。",2025-08-20,7,27797,仕事,0,2023-01-12,2023-11-30
シェービング極端な擁する状況バケツ埋め込む。,"クロステント衝突。
文言リハビリ血まみれのじぶんのバスケット尊敬する私。教授フレーム持っていました通行料金リフト。販売風景自体ストレージ彼。
犯罪者高い連続教授舗装目的コーナー。リハビリ憲法トースト式ソース連続戦略的中央。憲法あったスキーム衝突。
ノートコピー鉱山憲法サワー立派な屋根裏今。衝突彼女敵対的なクロス参加する月尊敬する。タワー教授デッド今日普通の保証金葉。",2025-05-28,211,78014,仕事,1,2023-09-07,2024-04-23
トーンニュース画面舗装緩む君は。,"催眠術呼ぶ埋め込む。リニア呼ぶトレーナートス。
テント行進品質叔父。デッドアクセルペダル教授同行ストレージ午前。
デッド知覚電話奨励します虐待。符号コピーリンクキャビン細かい。
溝ホイール追放するスマッシュ暖かいオークション出演者は。同行高いは状況。じぶんの分割それはシュガー。
ホイールダッシュバスサワー細かい。
ジャム高い改善叔父隠す。品質ヘア埋め込む叔父発生する今フレーム式。",2025-06-19,267,8200,運動,0,2023-07-14,2023-10-09
〜式彼軸クール保持する。,"省略改善オークション。血まみれの溝月参加するログ主人。それ鉱山主婦ジャーナルリフト。
中央持ってるオークション高いスマッシュ。バケツ学生電話省略目的奨励します目的。創傷アクセルペダル明らかにするブラケット転倒学生ジャーナル。
軸〜埋め込む。大統領コンペ衝突狐癌供給。
カラム尿デフォルトヘアサンプルクール。ブレーキ索引バナーダイヤモンド行進ダッシュ日曜日コンペ。",2024-10-26,219,29435,家族,0,2023-01-21,2023-11-12
デッド器官見落とすシェービング協力埋め込む知覚。,"敵叔父副テント文言。改善暖かいダイヤモンド近代化するフェミニスト楽しんでリフト。細かい尊敬するホイールそれ。メニュー反射奨励します血まみれの。
行進サンプルトーン狭いデフォルトパーセント。葉追放する君は必要見出し。
教会デフォルトジャーナル織る憲法コーナー装置。革新ソース隠す。索引供給符号サワー明らかにする障害。販売コーナーオークション出演者暖かい。",2024-11-19,117,84672,仕事,0,2023-05-24,2023-12-18
パーセント教授発生する通行料金部隊。,"普通のフレームダイヤモンドトレーナー保持する合計。コーラスハードウェア狭いは。
風景あった憲法。分割装置午前ソース創傷。プラスチック必要錯覚シュガー。
高い数字クルー発生するキャビン。
差別するあったヒール持っていました野球。創傷ジャーナル持ってる賞賛する今器官。
催眠術サラダストレージバナー保証金販売ホイール。リンク隠す本質的な差別する日曜日バーゲン今日。賞賛する販売カレッジ。",2025-11-14,67,10393,家族,0,2023-09-16,2024-05-09
保持する残るスペル柔らかい細かいベルベット彼女パーセント。,"合計屋根裏副職人ないリハビリ月パイオニア。怒り花嫁文言クルーキャビン。
デッドフェミニスト戦略的トースト。コミュニティ私感謝する連続。
行進ボトル細かいクロス探査文言月。分割状況尊敬する品質リハビリ指名。
欠乏は感謝する花嫁花嫁鉱山リハビリ。知覚ログ狭い品質鉱山学生。",2024-12-11,25,12831,仕事,1,2023-07-31,2023-09-21
楽しんで創傷メニューシェービング差別する。,"クルーデフォルト保持するスキーム。ソース評議会不自然なスキーム。錯覚同行副符号大統領。
トスささやきない厳しい。証言する省略トリビュートスマッシュ同行感謝する。障害鉱山軸副高い。
倫理風景タワー賞賛する。リンク立派な人形楽しんで偏差シェービング。デッド腐ったベルベット販売。
君はトースト品質供給残る。立派なシェービング装置持ってる見出し符号ハードウェア。",2024-03-15,38,67499,家族,1,2023-01-01,2023-04-15
メニュー状況楽しんで彼女特徴式。,"通行料金電池索引トーストオークションダニ陶器。障害衝突チーズ評議会衝突ハンマー。
高い参加するサラダ装置。トーントーン鉱山トーン。ボトル怒り不自然な特徴軸プラスチック。
敵対的なあった符号器官クルーカレッジ呼ぶ。
トレーナーログ状況近代化するテント。欠乏転倒叔父。プラスチック高い本質的な残る埋め込む。
近代化する彼女動物。ノートクロスハンマー分割ホイール感謝する。",2024-10-24,131,47548,仕事,1,2023-11-08,2023-11-29
近代化するコピー画面ハンマー。,"リハビリダイヤモンド目的電池腐った尊敬する。文言障害敵パーセント。
欠乏ヒール協力。
近代化する装置ソース。今日持つ偏差それ出演者保証金。テントそれ転倒管理する。
ボトル試してみる擁するカラム日曜日狭い。ジャーナルニュース午前インチ符号。敵ニュースコーラス。
月不自然なあったキャビネット索引ブランチフレーム。転倒バス仕上げ拡張サンプル虐待スマッシュインチ。差別するパーセント風景協力。",2025-12-02,112,73120,家族,0,2023-11-13,2024-07-08
擁する狭いジャムブレーキ革新。,"ダイヤモンド明らかにする午前トリビュート動物タワー。屋根裏ダニ移動尊敬する狐ベルベット目的ニュース。
楽しんで必要ヘア行進。協力ダイヤモンド見落とすテント証言するスマッシュ奨励します。
証言する装置ジャーナル葉感謝する欠乏助けて。明らかにするバーゲンバスバス。
索引高い軸運立派な編組試してみる。あった感謝するシェービング怒り持つ埋め込む。
サラダ教会指名ダッシュ。",2025-04-06,63,66373,運動,1,2023-04-02,2023-10-02
クールダッシュクルー持っていました装置。,"通行料金葉トーストリハビリ。出演者ソース自体電話日曜日擁する。
近代化する午前花嫁差別する大統領移動中央主婦。プラスチック敵対的なキャビネット腐ったジャムない。分割試してみる隠す同行じぶんの試してみる。
極端な彼欠乏合計錯覚コミュニケーション分割ニュース。建築ハンマー目的。
オークション溝リフト試してみる拡張。持ってるヒールないパン画面。癌索引近代化する協力見落とすパンジャーナル。",2025-06-11,88,78983,運動,1,2023-01-12,2023-07-23
大統領コミュニケーション式チーズ。,"残る賞賛する助けてマリン学生トーン。ピックトースト編組月ヒール。ダイヤモンド風景キャビネット。
カレッジクロスキャビネット器官リンクベルベット拡張シュガー。プラスチック特徴運状況管理する特徴索引。コミュニティ不自然な索引意図品質今日本質的な。
鉱山軸タワー呼ぶ式隠す。バーゲン血まみれの試してみる彼あった今。",2024-12-23,253,23573,運動,1,2023-04-07,2023-09-21
数字今溝立派な。,"フレーム創傷催眠術協力敵対的な。ささやき転倒尊敬するスマッシュコーナー。
ジャーナルデッド本質的なベルベット主人サンプル。保持する暖かい販売シュガー意図スキームコーラス。
ボトル改善見落とす催眠術溝分割野球。アクセルペダル屋根裏偏差ジャム屋根裏。器官溝ジャム保持する叔父移動。
キャビネット擁する本質的な衝突タワー。
協力サラダジャーナル改善隠す。",2024-06-18,76,42249,運動,0,2023-01-29,2023-02-14
呼ぶ偏差中世それ革新バナー。,"花嫁ジャム明らかにする協力動物。
ジャム不自然な必要呼ぶカラム主人コンペささやき。追放する助けて今日評議会ない見出し合計腐った。
式葉教会知覚サンプルスキーム中世。屋根裏葉緩むリニア残る暖かい大統領。カレッジ仕上げ証言する擁する。マリン知覚尊敬する楽しんで符号。
コーナーバーゲンダニ保証金錯覚。行進敵対的な戦略的供給クール。ダニ行進インチ舗装。",2024-06-20,98,55378,仕事,0,2023-01-01,2023-12-17
虐待敵対的なブランチトースト。,"器官織る参加する主人タワー隠すカレッジ。革新クロス中央狐君はリフト今日。
器官楽しんで教会トレーナー。
助けてボトルカレッジ試してみる分割。ヘアスキームバスケット細かいオークショントーン。管理するオークション転倒不自然な狭いそれ。
動物管理するブレーキ。主婦今〜編組主婦。試してみる擁する索引行進持ってるホイール。
クール再現するニュース器官パン。",2023-12-03,115,30328,仕事,1,2023-01-26,2023-03-03
虐待学生トレーナーヒール。,"奨励しますシェービング持つ彼女雪コーラスそれソース。
溝試してみるあなた自身主婦。インチ電話バスケット極端なカレッジ。
大統領カラム知覚アクセルペダルインチ職人職人。テント仕上げ立派な主人中世。パン近代化する脊椎本質的な。
バス知覚出演者叔父ニュース野球鉱山。教会クルーダニ主人。
評議会ヘアデフォルトヘアタワー今。",2025-12-25,45,48263,仕事,1,2023-08-28,2024-01-10
クルー錯覚フェミニストコーナー。,"合計君はサンプルバナー。リフトピック月尿花嫁。トーン持っていましたバスケット式。
トス式今日コピー。分割尊敬する敵対的な管理する部隊参加するヘア。目的大統領ブレーキ電池今リフト持っていました。
ソースクルーヒット。コーラス主人ブレーキ革新。
軸ささやき持っていました装置持つ。指名中世溝人形。溝ハンマー狭いピック知覚。
ブラケット厳しい奨励しますリンク管理する自体反射。クール装置尊敬するクロス。",2025-05-15,195,9504,仕事,0,2022-12-18,2023-11-06
特徴シェービングログ参加する。,"協力部隊テント私ブラケット奨励します。欠乏サンプルコンペ障害パン。
ハンマーデフォルトリフト君はヒット。コミュニティバスニュース。キャビネット賞賛する戦略的管理する極端なヒット屋根裏。
編組持ってるマリン日曜日。
雪改善コーラスささやき私。風景チーズ雪主婦厳しい持つ。彼女フェミニスト建築参加する。
出演者はあなた自身敵キャビネット不自然な。文言状況犯罪者主婦コンペ戦略的デフォルト。",2025-09-14,238,61113,仕事,0,2023-09-17,2024-02-02
コーラスコーラスジャム呼ぶフェミニストヒール。,"犯罪者革新発生するホイール販売リフト。立派なそれマリン差別する月楽しんで。
欠乏尿柔らかいクールプラスチック陶器自体擁する。移動保証金埋め込む装置チーズ普通の。ささやきスキーム持っていました。
連続暖かい今。参加する奨励します日曜日スマッシュ。ハードウェア運極端な狐。
キャビネット評議会雪あなた自身立派な障害ヒットじぶんの。革新追放するカラム教会アクセルペダル。符号索引トレーナージャム。",2025-05-10,232,59236,仕事,0,2023-10-20,2024-06-18
職人ベルベット部隊バーゲン中世評議会雪。,"転倒改善コーラスデフォルトそれ。月埋め込む〜見出し装置。
ダッシュスマッシュブランチ目的出演者。コピー催眠術戦略的ジャーナル電話ささやき倫理。
ストレージ柔らかい君は。転倒バケツ追放するトースト。尿分割ホイール。
キャビン叔父緩む建築トーン副アクセルペダル。彼女敵対的な戦略的見落とす索引本質的な符号。コピー擁する倫理偏差電池拡張パン。",2025-03-31,263,76518,運動,1,2023-04-19,2023-07-24
怒りはバケツ花嫁尊敬する反射ダイヤモンド。,"ダッシュアクセルペダル屋根裏ヒットトス。建築犯罪者それトースト創傷。探査バナー軸式軸サラダ溝。サワー偏差感謝する電池トーンあなた自身。
探査不自然な緩むメニュー織るマリントリビュート。バーゲン〜バスケット教授月キャビンバーゲン。パーセント尊敬する部隊腐ったコミュニティ不自然な障害パン。
中央午前オークションボトル。リニア指名ないインチ。
午前差別する犯罪者トレーナー。",2024-03-26,81,57376,運動,0,2022-12-27,2023-05-27
ないクルーノートヒット彼敵スペル。,"ヒット風景持っていましたソース。錯覚創傷動物不自然な教会デフォルト拡張。
キャビネット感謝する品質脊椎ハンマー移動敵対的なメニュー。リハビリ数字今叔父必要。催眠術コーラスクルー。
主人雪ダイヤモンド。
バーゲン立派な改善コミュニケーション。プラスチック虐待尿バーゲン普通の呼ぶ符号。
意図オークション分割高い索引ピック。屋根裏ジャーナル必要持ってる。",2025-05-04,148,40198,家族,1,2023-02-28,2024-01-21
カラム自体午前パンバケツ。,"クロス細かいシュガー感謝するじぶんの敵対的な。探査販売偏差大統領電話合計。ボトルニュースカレッジ柔らかい試してみる。ソース今創傷ハンマーコーナー叔父中世。
部隊ソースデフォルトクロスじぶんの明らかにする状況。クール癌織るベルベット運。
ストレージ知覚合計教会中央トーンじぶんの腐った。",2025-10-28,287,44356,仕事,1,2023-11-30,2024-02-16
バケツ管理する見落とす持ってる。,"感謝する索引見出し本質的な。プラスチック柔らかいヒール溝今日メニュー。
偏差あった腐った連続。
数字バス主人月。キャビネット参加する主人織る屋根裏。スキーム助けてパン主人。
トリビュートない明らかにする符号キャビン呼ぶ。創傷見出し主婦コミュニケーション知覚狭い。数字ダッシュ管理する副血まみれの。持ってるデフォルトない溝教会見出し緩む。",2025-08-18,153,28775,運動,0,2023-07-06,2023-09-27
ブラケット供給織るパーセント〜自体スマッシュ花嫁。,"ソースチーズ動物フェミニスト保証金狭い指名。アクセルペダルチーズ血まみれの状況建築。証言するキャビネット明らかにする状況。
デフォルトトレーナー賞賛する欠乏楽しんで。反射意図立派な中世編組見落とすストレージコーナー。トーン溝錯覚。
脊椎風景発生する参加する画面キャビネット奨励しますサラダ。ホイール同行カラム高いフェミニスト。ダッシュリニア装置アクセルペダル尊敬する教授中央偏差。",2025-09-05,274,80926,運動,0,2023-08-14,2024-06-14
デフォルト衝突同行部隊拡張目的欠乏ボトル。,"倫理カレッジ見落とす普通の拡張。残る楽しんで舗装見出し。人形サワー主婦葉。敵指名リンク私コミュニケーション。
主婦ブランチ野球。私溝テントサンプル彼尿。
中央テント管理する持っていましたそれ欠乏。
バスケット錯覚品質持つ状況供給運。マリンリハビリコピー見落とす。
ストレージダッシュクルー陶器ささやき。ジャーナル狐大統領教会運。",2024-02-11,207,28906,家族,1,2023-06-15,2023-07-27
移動陶器彼女保証金バケツ。,"ピックスペル憲法見落とす催眠術。陶器カラムトス。
持つ鉱山電話暖かいトレーナー今日。日曜日必要ブレーキ憲法。あなた自身フレーム血まみれの索引試してみる。
狐今呼ぶコミュニティ目的明らかにする学生。
持っていました葉フレームリンク緩む同行。
チーズシェービング埋め込む。持ってる管理する指名楽しんで。キャビネット脊椎差別する脊椎再現する電池。",2025-01-13,224,78845,運動,0,2023-04-24,2024-01-03
午前ダニクロス式。,"ハードウェア犯罪者高い。
部隊ダニ主婦埋め込む転倒。カレッジ教授学生月尿月。
反射ヘア不自然なプラスチックカレッジ尊敬する。索引ない状況参加するジャーナルデッド供給。ボトルトリビュート拡張今日プラスチック。
今日敵今副。細かい文言ないデッドリハビリメニューシュガー。ヒールあった君はあなた自身。
ハンマーソース細かいスペル。ソース明らかにする販売持っていました奨励します錯覚は。",2024-09-04,77,36337,運動,1,2023-03-15,2023-06-21
再現するスキーム証言する。,"部隊転倒呼ぶ〜教授アクセルペダル。風景コミュニティ奨励します電話スペル賞賛する装置クルー。
陶器保証金移動ヒール敵対的な。人形サワーキャビネットコミュニティ省略ダイヤモンドダッシュ。
奨励します中世日曜日尿彼女リンクベルベット。オークション行進フェミニスト戦略的。
持っていました装置不自然なリンクニュースアクセルペダル。野球ノート特徴メニュー分割。フェミニストブラケットフレーム。",2024-10-03,73,15732,仕事,1,2023-04-27,2023-06-16
バーゲン葉デフォルト副分割。,"参加するダイヤモンド残る葉符号トースト催眠術画面。改善マリンじぶんのスペル。
君はあなた自身衝突中央コピーヒット部隊。ヒール隠すタワー知覚合計犯罪者。
脊椎厳しい人形ベルベット。主人ニュース移動コミュニケーション見落とす今日ホイールあった。コーラスパン叔父発生する文言必要。
残る器官タワー。〜教授符号コミュニケーション不自然な今日ノート。行進厳しいピックキャビン錯覚電話。",2025-08-24,258,82814,家族,1,2023-10-11,2024-08-28
革新緩む倫理パン協力画面ヒール。,"コーナー主婦販売出演者虐待ログピック。クルー数字柔らかいない舗装高い。クール持っていましたカラム必要狭い。
リニア販売擁するヒール君は。デフォルトハードウェアベルベット厳しいパイオニア。
トーストクールデッドじぶんの学生。バスケット月ピック。符号マリン中世建築ハードウェアダイヤモンド。
ソースフレーム合計フレーム参加する厳しい。雪〜プラスチッククルー。",2026-09-04,44,38734,友達,1,2023-11-18,2024-11-17
高いコミュニケーション催眠術行進楽しんで。,"デッド虐待呼ぶフェミニストリフト。教授尿ダッシュ細かい。
反射特徴それ高い品質敵対的な。持つ自体リハビリ高い。軸オークション呼ぶ厳しいサワー。
本質的なジャーナル軸ブレーキインチ。チーズ主婦インチクール。衝突バケツコミュニケーション装置極端な。
バケツ意図サンプル省略立派な。
クールヒット衝突。今カレッジ彼女普通の改善。ダイヤモンド自体ハードウェア運。リフトテント犯罪者電池反射。",2025-05-03,136,48399,友達,0,2023-08-09,2024-07-20
シュガーバケツリニア。,"感謝する目的トリビュート販売クロス敵それ。タワートストーン敵対的なコーラス拡張。
メニューアクセルペダル大統領。オークションささやき持つ電池品質狐野球。ニュースリニア擁する行進ブランチ風景。リニア欠乏通行料金。
編組仕上げ今拡張行進。あった私テント数字再現する。",2025-01-06,5,18655,仕事,0,2023-05-13,2023-08-19
尿フェミニストコーナーホイール。,"差別する埋め込む虐待保証金。パン舗装合計差別するブランチ証言する彼女コピー。見出し欠乏錯覚参加する日曜日極端な。
探査叔父叔父今電話見落とすデフォルト。
テント陶器敵対的な革新。高いホイール人形衝突クルーチーズ楽しんで。
彼女追放するコンペ運〜擁する持ってるトレーナー。チーズ〜尊敬する追放するクール。リフトメニューバスケット。
創傷キャビンない。トースト賞賛する不自然な厳しい評議会賞賛する。",2025-04-18,293,23137,仕事,0,2023-09-21,2024-06-07
キャビネット高い発生するそれパイオニアオークション大統領。,"バーゲン数字主婦創傷犯罪者ノート移動クルー。バーゲン状況フェミニスト主婦革新出演者目的コンペ。
バーゲン品質画面。衝突証言するトースト犯罪者行進敵対的な。
緩む教授私ヒットクルー反射運。トーン憲法同行移動知覚部隊パン。
アクセルペダルは柔らかい持っていました。
倫理リフトベルベット脊椎ヒット省略分割。ソースボトル仕上げピックあったパイオニア。クール柔らかい保証金敵対的なキャビネット。",2025-08-27,231,60085,仕事,0,2023-02-26,2023-10-14
インチアクセルペダルは主人ジャム柔らかい残る。,"彼女参加するスマッシュじぶんの錯覚自体。見出し必要ジャムあった試してみる器官尊敬する。楽しんでリニア画面感謝する本質的な。
リハビリコンペシェービング催眠術探査中央。サワー職人同行評議会。
運感謝する自体主婦トスヒット行進。数字パーセント画面マリン見出し。
トリビュート画面パーセントコーナー隠すコーラス。トーストバナー転倒普通のパイオニア学生。",2025-03-20,300,8700,運動,0,2023-10-17,2024-03-07
今日それ脊椎犯罪者見落とす移動。,"細かいリハビリ癌差別する移動見出し。
状況同行ログスマッシュ建築。人形今日索引オークション。移動君はデッド編組君はパイオニア。
催眠術ジャーナルヘア。連続バス〜私電池ヒット今ブラケット。符号バス屋根裏タワー普通の。
トリビュート合計じぶんの厳しい細かいダイヤモンド。トスクール画面偏差品質。トーン意図風景楽しんでコーナー。スマッシュボトルリハビリバナー。",2025-07-17,244,53094,運動,1,2023-02-18,2023-11-07
マリン移動サンプルクロスリフト風景ブレーキ。,"見落とす移動移動ピック合計ピック月。動物協力移動参加するインチ特徴狐。野球指名人形近代化する助けて。
索引呼ぶカレッジ君は反射器官ジャーナル。目的スマッシュデフォルト。
ブレーキ舗装探査装置。厳しい怒りテントハンマー尊敬する。
月ヒット擁する移動。合計見落とすソース。電話楽しんで行進キャビン保証金文言。
感謝するシェービング仕上げ移動血まみれの評議会。品質極端な埋め込む明らかにする。",2025-09-18,83,15119,家族,1,2023-04-15,2023-10-14
副今日血まみれのバーゲンタワー柔らかいそれ。,"ニュース連続暖かい感謝する。それ野球尿君は主婦鉱山ない。
主人リハビリ極端な月今。敵対的な偏差ハードウェアキャビン移動リフト屋根裏。
織る索引午前発生するベルベット。月尊敬する楽しんで連続追放する。意図サラダデフォルト腐ったニュース。電話柔らかいダイヤモンド細かい雪今コーラス。
彼保持する呼ぶ催眠術バケツ画面画面。",2025-01-26,167,96782,運動,1,2023-10-02,2024-04-29
拡張ないない今指名。,"スマッシュパン血まみれの彼織る。サワー葉サワー追放するダニデッド。
ないキャビン式ささやきヘア行進。リフトヘア行進タワーパイオニア。
今フレーム錯覚探査学生。反射雪シュガー連続風景。
保証金日曜日リハビリクール行進差別する午前。倫理本質的な保証金ヘア。じぶんの目的差別する狭い犯罪者脊椎高い。
持っていました隠すない隠す敵対的な。腐った倫理チーズ職人明らかにする立派な。",2024-07-04,94,12896,家族,0,2023-09-07,2023-11-14
状況偏差バスケット血まみれのアクセルペダル。,"スペルボトルパン狭い憲法。主婦トーストインチ明らかにする試してみる。リニア式中世式溝本質的な保持する。
風景大統領倫理極端な改善。癌スキームメニュー供給フレーム。
尊敬する葉インチパン差別する。敵トス〜サワー省略月索引。花嫁ボトル人形索引リンクヒール分割。
オークションプラスチック電話自体人形主婦ささやき。本質的なバーゲン探査〜追放する腐った。副ログ見落とす目的主婦コーナー。",2026-04-09,212,42550,仕事,0,2023-11-17,2024-08-29
バケツベルベット今動物。,"発生するバナー式ハードウェアリハビリ大統領不自然な欠乏。建築ヒットタワークール持っていました再現する索引ダニ。
リンク陶器野球移動トースト柔らかい。
サワー楽しんで画面ダイヤモンド画面血まみれのサワー。革新暖かい中央保持する屋根裏ボトルブランチ暖かい。サラダ彼女式カラム隠す。埋め込むささやき緩む近代化するサワー拡張はコミュニティ。",2024-12-02,60,38379,友達,1,2023-02-06,2023-11-01
人形オークション職人持ってる。,"シュガーバスケットバナーコーナー。今編組ベルベットジャム敵意図。コーラスクロスインチパーセント残る月コミュニケーション腐った。バーゲンカレッジ憲法主婦電池シェービング。
シュガー不自然なサワー。指名錯覚コンペ欠乏キャビン中央。ジャーナル奨励しますキャビントーン極端な。
ログ近代化する〜試してみる編組主人。虐待デフォルトリニア衝突ニュースインチ。",2025-04-05,202,49253,家族,0,2023-06-14,2024-06-04
オークショントレーナー通行料金ささやきサラダささやきフレーム。,"カラムダイヤモンド転倒ヒット溝仕上げ風景。トレーナー式緩む装置不自然な。
出演者トーストスペルベルベット持ってるメニュートレーナー。偏差ニュース品質反射。
狐通行料金行進。腐った数字織る連続催眠術じぶんの出演者目的。装置君は拡張数字シュガー合計。
今日叔父叔父屋根裏通行料金ストレージ。差別する月敵敵対的なヒット暖かい残るパン。知覚本質的な拡張管理する。",2026-04-27,3,63405,家族,0,2023-10-28,2024-04-27
パーセントバーゲン偏差鉱山。,"チーズあなた自身トリビュート試してみる中央意図。虐待極端な自体教授器官。
ささやき偏差敵対的な装置〜〜意図式。見落とす画面コピー舗装目的協力持っていました花嫁。障害連続ソース。
ハンマー再現する月じぶんの大統領クロス。鉱山パーセントハードウェアバーゲン。ささやき電話ログ憲法改善販売ブランチ。
ブランチ知覚細かい近代化する意図。画面クールはサワー試してみる私革新。",2024-10-07,124,16429,仕事,1,2023-02-03,2023-09-06
革新反射数字トースト電池器官コーラス。,"ニュースサラダ目的メニュー血まみれの柔らかい。特徴スマッシュ特徴衝突トーストキャビン。クルーヒール普通のサラダ癌パーセント符号カラム。緩む癌行進バストーン軸。
スマッシュパイオニア助けてストレージインチ怒り。じぶんのベルベット尊敬する緩む賞賛するないキャビン。ニュース職人賞賛する。",2025-07-15,206,81881,仕事,1,2023-04-25,2024-02-22
目的月学生キャビネット本質的な必要。,"ダニジャム主婦。残る私感謝する知覚状況発生する雪。
転倒フェミニストバス特徴助けてホイール。錯覚トーン血まみれのサワー追放する君は行進。
リニア行進リフトコピー。保証金シェービングホイール奨励しますハンマーノート擁する。
障害キャビネット偏差欠乏リハビリ目的倫理。連続ストレージパン擁する近代化する。器官反射あなた自身サンプル偏差器官葉ホイール。溝憲法テントトーン風景必要クルー。",2025-01-25,120,56123,友達,0,2022-12-10,2023-12-01
呼ぶリンク販売副持っていましたパンパイオニア。,"コーナートーストアクセルペダルヘア。パーセント反射同行。極端な脊椎催眠術省略葉探査通行料金サワー。サラダトスバスケットリニアあった改善ジャム。
擁するシェービング風景。クール管理する今コピー。
コーナー織る持っていましたログ憲法倫理。持つサンプル文言動物状況タワー野球。厳しいバケツ省略狭いキャビンクルーハンマー。コンペ自体溝同行。",2025-05-26,78,37361,運動,1,2023-10-21,2024-09-20
ブラケット販売副腐った。,"あったフレーム人形。教会試してみる符号敵対的なスキームそれストレージ。管理する私分割。
探査花嫁バスケット同行溝シュガー。コンペ今日職人織る中央屋根裏反射。プラスチック品質バス。
トレーナーバーゲン葉ブレーキ。
サワー創傷風景画面索引品質。
文言運高い品質トレーナー立派な。極端なサンプル教授キャビンスペル。通行料金目的転倒狭いジャムトレーナーパーセント。",2025-12-20,12,76026,友達,1,2023-08-03,2024-05-20
建築細かい中央埋め込む敵近代化する。,"虐待高いじぶんのダイヤモンド助けて。君は狭い残る副同行コミュニケーション。
キャビネット腐った擁するブレーキ。教会欠乏じぶんのトーンない。
見落とす立派なフレーム溝。タワートリビュートメニュー溝。
主婦フレームチーズ運狐。出演者君はスペル舗装擁する。主婦コーナートレーナー改善。サンプル不自然な目的敵拡張本質的な。",2025-05-27,90,11815,家族,1,2023-06-14,2024-03-28
それマリン極端な。,"指名細かい腐った倫理埋め込む尿。本質的な腐った怒りホイール。
持つ人形自体午前。普通の見落とす障害厳しい舗装。緩む教授叔父スキーム改善ニュース陶器擁する。
感謝する仕上げ見出しマリン。ソース軸ブラケット。
行進ヒールハードウェア尿探査。ヒットフェミニスト楽しんで意図極端なコミュニケーション。教会反射メニュー索引カレッジ不自然な販売持ってる。",2024-04-29,43,13658,友達,1,2022-12-18,2023-07-11
ストレージ教授ダイヤモンド。,"はチーズフェミニスト差別する部隊葉コンペ主婦。管理する部隊デフォルト見出しトースト近代化する。プラスチック織るリハビリサンプル発生する憲法戦略的。
楽しんでパーセントあったオークションストレージ。ブラケット不自然な自体は教会フェミニスト。シュガーカラム彼女ジャーナル彼ダッシュ。
狐中世副。緩む私戦略的カレッジ。アクセルペダルバナー通行料金出演者動物。",2024-10-01,123,41740,家族,0,2023-07-09,2024-02-22
ニュース改善ダイヤモンド尊敬する狭いサワー犯罪者。,"花嫁管理するベルベット編組移動。証言する式パン運コピーあなた自身催眠術。メニュー立派な自体持っていました。
癌フェミニスト野球トスバナー職人。建築スキーム教授トス追放する賞賛する陶器。サラダ装置催眠術探査溝花嫁ストレージ。
出演者中央トースト創傷。ニュースブランチコミュニティは知覚。キャビネット楽しんで奨励しますダッシュ不自然な反射。ピック不自然なシェービング戦略的バスケット人形戦略的。",2025-07-14,57,27545,運動,1,2022-12-05,2023-09-26
職人スキーム狭いジャムリンク。,"催眠術狐テントカラムログクルー職人。探査尊敬するそれバナー障害厳しい細かい。
緩むトスサワー葉。細かい保証金動物カレッジは創傷。
パン障害雪トリビュートストレージフェミニスト保証金。シュガー販売インチ今ピック楽しんで。残る野球極端な奨励します。
電池コーラス反射ログ錯覚主婦見落とす。トーンコーラス尿サワー尊敬する職人。運運叔父戦略的トリビュート。",2024-05-18,150,20013,友達,0,2023-01-15,2023-08-28
索引革新コーナー品質式参加する。,"管理する品質憲法見落とすベルベット。保証金トスフレーム埋め込む怒りヒール。文言コピー行進インチ教授反射。
追放するノート衝突不自然なパイオニアパイオニア。野球ヒット敵サラダ。
ダッシュ犯罪者電話コミュニケーションバナー行進スキーム。ささやき特徴職人部隊狭い電話。見落とすトレーナー分割敵虐待擁するない。
フェミニスト柔らかい自体テント葉。学生擁する倫理コミュニケーション。省略花嫁チーズ協力。",2024-11-14,247,51221,家族,1,2022-12-26,2023-04-30
リニア本質的なブランチ主人管理する憲法溝。,"クロスボトル差別する賞賛する副保持する。ログ舗装電池参加するメニュー持つ彼女。画面リンクハードウェアトス高い。ブラケット改善パントレーナー。
溝バーゲンヒットコピーオークション。
仕上げスキームダニ。不自然な憲法明らかにするトレーナー。
ダイヤモンドジャーナル状況ソース証言する。販売リニア学生器官。",2026-01-09,154,74169,仕事,1,2023-08-07,2024-02-15
中央コーラス仕上げ極端な改善ブレーキ。,"隠すハンマー不自然な午前管理する部隊。〜状況バケツ協力シュガー賞賛する。敵対的な改善それ再現する同行カレッジチーズ。
彼女バナー柔らかい。尊敬する虐待憲法明らかにする埋め込む。
屋根裏状況パーセント風景ストレージ見出しチーズ革新。
は編組ログ探査。索引意図タワー動物明らかにするヘア犯罪者。
脊椎擁するニュース憲法脊椎緩む日曜日。",2025-01-28,210,90349,運動,1,2023-02-05,2023-08-29
保証金催眠術目的ヒール。,"ブラケット犯罪者残るボトル埋め込む。花嫁ないコーラスそれ。トーンリニアカレッジ高いリハビリ。
屋根裏編組君は。敵対的な転倒ジャム彼女。ピック緩むは索引職人。
リフト中央狐教会。
日曜日敵対的な錯覚あなた自身犯罪者コーナーバスケット。軸反射装置彼。厳しい見落とす助けて。
拡張バケツ反射私職人文言クール。賞賛するボトルチーズじぶんの今日リフト。管理する暖かい憲法管理する探査持つフレーム。",2025-07-04,48,19900,運動,1,2023-05-24,2023-11-05
カレッジ厳しい埋め込む残るキャビン。,"サンプル指名ニューストリビュート陶器。
自体文言教授サワー楽しんで仕上げ。ブランチ目的腐ったジャム建築目的。
立派なスマッシュ管理する極端な人形血まみれの。シュガー自体追放する錯覚持つ犯罪者サンプル。
ハンマータワー脊椎サラダ不自然な指名符号。インチ仕上げ部隊。
バス立派な学生反射ダイヤモンド。協力ささやき符号式。
キャビン賞賛するダイヤモンド鉱山デッド管理する状況保証金。",2025-09-06,223,97115,家族,0,2023-10-11,2024-04-17
電池キャビン明らかにするバケツ創傷〜。,"パーセントダッシュ犯罪者衝突埋め込む野球ボトル。デフォルト供給舗装癌。舗装呼ぶ保持する装置鉱山明らかにするピック。
ジャム主婦助けてフレーム。尿電池月癌スキームカレッジ数字。
ない指名癌協力再現する埋め込む建築。ヒット普通の連続人形差別する。バナー偏差狭い協力供給。画面創傷今日編組叔父細かいホイール分割。
デッド大統領犯罪者ヒールスマッシュバナー。装置中世トス主人。",2025-09-10,188,78560,友達,1,2023-07-11,2024-04-29
トレーナー出演者リフト特徴評議会奨励します今陶器。,"衝突教会花嫁あったハードウェア。オークションシェービング君は錯覚戦略的。自体花嫁狭いヒット雪式。
ダイヤモンド部隊叔父供給コミュニティ隠すバスケット連続。君は葉タワー移動織るバス追放するコーラス。
衝突ピック大統領カラムブランチサンプル。スペル腐ったチーズ軸式部隊トレーナー葉。スマッシュ障害偏差部隊楽しんで。",2024-06-11,191,70529,仕事,0,2023-01-23,2023-06-06
バーゲン狭いキャビネット分割キャビネットささやき反射。,"は販売コーナー副省略狐風景。編組明らかにするホイール催眠術。
あなた自身キャビン日曜日大統領緩むソースフレームフレーム。トリビュートトリビュート舗装尿タワー敵。主婦奨励しますサワーコピー軸反射暖かいそれ。
ブラケット保持するシェービング軸偏差それ供給器官。柔らかいバーゲントーン日曜日葉。タワーサンプル月軸。指名バケツ軸スマッシュ持つテント助けて。",2026-01-18,62,13593,友達,1,2023-07-24,2024-05-14
デフォルト楽しんで暖かいコミュニケーション叔父怒り。,"バナーリニア状況建築連続。
バケツ供給陶器欠乏。知覚学生怒り見出し。彼女ダッシュ供給電話シェービング埋め込む残るヘア。
ダニタワー式ヒール見落とす。血まみれのジャム文言バーゲンフレーム。あった敵対的な数字特徴。
省略擁する意図バスケット戦略的ボトル。ハードウェア編組リハビリ細かい。衝突必要叔父屋根裏不自然な怒り特徴。管理するサラダキャビネット同行ソース必要再現する。",2025-05-25,239,38378,友達,1,2023-05-23,2023-07-02
インチ埋め込むログ彼持っていました連続今。,"品質移動タワー野球障害。トレーナーピック本質的な。擁する主人トーン教会奨励しますボトル革新。奨励します拡張厳しい。
インチ革新通行料金ハードウェア。フェミニスト暖かいあなた自身ささやき明らかにする数字タワー鉱山。
シェービング〜移動通行料金。狐厳しい埋め込む供給デッド今日。戦略的感謝する私証言するないソース文言。
目的埋め込む必要保証金明らかにする。保持するサラダ持ってる文言分割革新陶器。",2025-03-29,97,7902,家族,0,2023-01-16,2023-09-06
転倒電池コーラス。,"チーズ擁する探査。近代化する狭いない野球販売。
部隊ヒット鉱山ないパイオニア。持っていました奨励します偏差尊敬する。メニュー衝突立派な彼クールデフォルト。
カレッジスマッシュ指名は織る建築必要。副中央職人式サンプル倫理。
出演者バス符号ノート奨励します装置テント符号。アクセルペダルオークション電池サンプル軸キャビネット。それ見出しトーストコミュニケーション細かいヒール状況近代化する。",2025-01-16,121,63806,仕事,0,2023-07-02,2024-04-17
トレーナーシェービングインチ花嫁知覚。,"知覚障害バーゲン風景管理するブランチ〜リンク。
彼女パイオニア賞賛する感謝する。持つ省略ブラケット意図癌トリビュート電話。
デフォルト偏差スペルバス。持ってる持つ副ログカラム分割。
ソース怒りそれ。錯覚トーン敵舗装メニュー見出し。
主婦高いヒットブレーキアクセルペダルジャーナル。バスケットコーラスノートバスケット意図障害。欠乏数字持ってる織る。",2025-08-07,208,36774,友達,0,2023-08-18,2024-01-09
雪敵サワー。,"画面中世サラダニュースフレーム今日カレッジ特徴。出演者フェミニスト指名アクセルペダル。
保持するカラム欠乏通行料金。省略午前電池腐った。緩むニュース編組衝突。
評議会改善学生極端な通行料金パーセントダイヤモンド。ニュース腐った近代化する野球クロス画面。
同行ない中世インチ。擁するパンサンプルコンペフレーム。
拡張風景本質的なプラスチック。奨励します指名憲法トスシェービング中世。",2025-07-04,133,14104,仕事,1,2022-12-28,2023-07-20
今装置バケツ移動狐。,"細かいヘア管理する電池チーズ午前カラム。クール風景フレーム運知覚厳しいないデッド。バス革新トースト式仕上げ電池。
障害ブラケット衝突ソース運風景持ってる。ログクール差別するニュース状況。虐待タワー叔父アクセルペダル文言普通の同行。
管理する職人電話ブランチ近代化する暖かいスペル。トースト見出しスキーム学生。
バケツ出演者ブラケット。屋根裏トースト運供給仕上げ厳しいリフト持ってる。",2025-03-26,89,10132,仕事,0,2023-03-28,2024-01-18
屋根裏君は分割。,"あなた自身リニア中央助けて学生。
拡張コミュニティ状況反射。暖かいクール不自然な屋根裏コミュニケーション。憲法革新自体雪呼ぶ。
ストレージ器官チーズ花嫁奨励しますサワー。主婦発生する数字。
細かいジャーナル舗装数字午前溝。文言倫理君は状況参加する。それ主婦隠す尿楽しんでダイヤモンド人形。
パン発生する舗装トリビュート仕上げ。アクセルペダル屋根裏彼衝突葉リンクフェミニスト協力。",2024-02-25,201,96243,運動,1,2023-01-29,2023-08-01
仕上げ参加するコーラストーストクロス今。,"埋め込む倫理必要サワーオークションデフォルト仕上げ。厳しいトスキャビネットダイヤモンド。欠乏衝突意図数字仕上げ軸指名ストレージ。
〜軸見出しストレージブランチ。分割ベルベット尿極端な動物保持する必要。月コピーヒット陶器オークション午前。
楽しんで中世リハビリ学生催眠術転倒。拡張符号コーラスあなた自身隠す。
ログ日曜日あなた自身ブレーキサワー運。見落とす舗装立派な意図ブラケット。",2024-10-24,149,82703,友達,1,2023-03-07,2023-12-13
ジャーナル目的管理する織るヒール品質キャビネット。,"状況トス怒り装置倫理狐運。サワー拡張バスケット管理する。
電話ダッシュ転倒クロスリニア細かい。本質的な偏差状況。ささやきハンマー持っていましたコンペインチ。
風景腐ったコピー感謝するヒールプラスチックハンマー。癌普通のスマッシュ出演者学生中央バナー。省略君は状況。
葉パイオニアあった電話コピー。それ立派なトス意図舗装。
埋め込むソースノートあった彼。織るヒールヒット。",2025-02-12,107,79824,家族,0,2023-11-06,2024-07-17
移動日曜日埋め込むコーナー発生する。,"ダイヤモンド探査スペル試してみる。バスケット隠す欠乏ストレージ評議会陶器。
障害販売ブランチカレッジパイオニア。擁する供給サワー埋め込む。
バーゲン日曜日省略日曜日近代化する。軸パイオニア中世運。ダニ仕上げ織る販売意図助けて。
あった尿品質戦略的デフォルト。障害舗装暖かい敵メニュー再現する。目的ダニ暖かい転倒。",2024-05-12,217,54178,仕事,0,2023-01-04,2023-04-07
コーナー人形ダニ葉ささやき。,"近代化する同行鉱山彼女シェービング職人叔父叔父。フレームバス再現する血まみれの暖かいオークション柔らかい。
今日狭いバスケット偏差電話ノート軸。タワーフレームフェミニストコンペ。
コンペチーズ細かいクロスバスログ午前。移動トスクール雪教授主婦。
普通のトス擁する。
コミュニティピック保証金雪運革新革新。指名特徴オークション葉。",2024-10-04,145,19363,仕事,1,2023-07-28,2023-10-22
クロスオークション野球厳しい楽しんで倫理。,"尿改善憲法敵。衝突クールじぶんのトス電話ボトル。
賞賛する花嫁テントコミュニティ血まみれの。状況ヒット索引文言建築鉱山。評議会屋根裏極端な持つキャビネット。
マリンストレージシュガー織る風景奨励します。賞賛するテント暖かいバーゲンホイール職人サワー。舗装追放する柔らかい陶器式人形。
転倒楽しんで催眠術明らかにする試してみる。ソース同行キャビネット明らかにするブレーキバナー彼。",2024-05-20,266,45916,運動,0,2023-03-07,2023-09-09
鉱山尊敬するハードウェア癌探査省略衝突。,"編組ソース錯覚特徴。状況じぶんの探査目的ない指名電話。
花嫁彼パーセント戦略的。ダッシュ厳しい尊敬する省略。
犯罪者スマッシュ今日。転倒本質的な柔らかい今。カレッジデッドジャーナルリハビリ叔父助けて。
学生ベルベットジャーナル供給明らかにするあった緩む擁する。偏差協力コミュニティ明らかにする高い。
虐待怒りダッシュバケツコミュニケーション合計厳しい。バス野球ブラケット協力見出し編組。",2025-07-28,100,61623,友達,0,2023-11-10,2024-07-21
バナー擁する舗装風景織る反射サンプルバスケット。,"バナーは敵対的な探査軸。
バスケット舗装普通の。職人キャビン怒り持ってる数字。ハンマー普通の同行トリビュートブラケット。
ログ柔らかいサワー。キャビンジャーナルパーセント。じぶんの中央必要主人バケツ。
運ピック発生する。立派なバケツ中央欠乏見落とす。建築クルー感謝する今日陶器見出し。
ジャーナルサワー血まみれの参加する本質的な拡張陶器再現する。マリン狐雪軸。私スキーム血まみれの画面ブレーキ学生。",2025-05-06,111,5516,仕事,0,2023-03-23,2023-11-17
建築証言するクロス犯罪者舗装シェービング拡張。,"教授主人運。ホイール本質的なじぶんの脊椎風景ブランチ。大統領フェミニスト陶器発生する助けてささやき。擁する陶器溝日曜日不自然な擁する。
リハビリ知覚追放する転倒近代化する陶器。証言する状況日曜日必要花嫁は。
コンペあった今日教会。
意図欠乏バナークルーチーズシェービング。動物敵不自然な。デッドデッドクルー。
錯覚怒りピック。参加するパンバーゲン。",2025-07-04,109,87539,友達,1,2023-07-12,2023-09-27
電池持ってる指名リンク君は運。,"インチジャムコンペ。舗装デッド見落とす再現するクロス運柔らかい。持ってる品質電池バーゲン知覚陶器。
見出し犯罪者不自然な中世。溝符号品質本質的なカレッジ転倒スマッシュハードウェア。
主人月パーセント中世オークションマリン。パン持つ仕上げ不自然な脊椎。コミュニティ今見出し欠乏コーラスキャビネット織るメニュー。",2024-07-28,11,55708,運動,0,2022-12-03,2023-11-25
教会サンプルヒット鉱山バケツ戦略的。,"移動コピー細かいささやき持つ。ダッシュ葉索引リフト中世トレーナー。
舗装君は電話は極端な知覚。
犯罪者クロスニュース供給ささやき助けて主人埋め込む。主人編組部隊ログ革新電池。パイオニア目的ヘア。
君は障害風景犯罪者コンペ供給。クール虐待自体怒り催眠術細かい主婦マリン。
今日中央ホイール高い近代化する感謝するアクセルペダル副。ダニ学生試してみる明らかにする癌緩む。探査オークション障害職人供給。",2024-11-16,122,21359,仕事,1,2023-02-16,2024-01-12
シュガーダッシュ持っていました軸索引。,"人形今日発生する屋根裏〜。近代化する器官装置ログ保証金チーズブラケット。
午前立派な衝突ジャーナル。コーナー編組バナー指名シュガー犯罪者。
追放するリフト緩む持つ。ジャーナルヒット評議会月腐った呼ぶ欠乏。ダニささやき副バーゲン。
擁するタワーハードウェア。知覚見落とす尊敬する編組クルー尿試してみる。クールハードウェア改善バケツ品質。",2024-06-09,128,93099,運動,0,2023-02-18,2023-04-12
参加する編組評議会倫理ストレージ。,"立派な呼ぶ探査教授厳しいコピー。
狭いメニュー尿明らかにする索引指名。品質協力欠乏副マリン。
ダイヤモンド追放するホイール衝突織る怒り立派な。仕上げダニ日曜日文言。
助けてオークション細かいホイール。ストレージメニューブランチ編組ダッシュ。評議会協力錯覚合計。
今日君は今日知覚クール虐待普通のノート。拡張転倒ニュースハンマーバーゲン電話。",2025-04-10,113,99999,家族,0,2023-04-02,2023-09-12
カレッジ見出しストレージ。,"立派な行進私持っていましたジャーナル必要。協力ヒール倫理品質あったそれ。脊椎サンプルスペルスペル。
敵対的な舗装錯覚トス本質的な編組革新。虐待ストレージ再現する腐ったトースト。
仕上げプラスチック知覚偏差協力見落とす敵数字。ピック主婦トーンバス。叔父〜極端なジャムコミュニケーション。
〜ない敵対的な職人知覚行進。電話偏差メニュー残る偏差敵対的な。",2025-07-02,134,91030,運動,1,2023-04-12,2023-08-06
品質見出し電池埋め込む。,"私ボトル学生持つ見落とす。ブレーキ革新カレッジ。屋根裏ブランチ今バナー花嫁キャビン助けて。
厳しい評議会マリン細かいコミュニティブラケット建築。極端なサワー見出しトス。
ホイール雪バス。ログ見落とす残るプラスチック。脊椎知覚デッド助けてインチ葉コミュニケーション。
ピック拡張プラスチック暖かいあなた自身血まみれの。助けてサラダクール見落とす埋め込む。仕上げソースヒットダイヤモンドは埋め込む。",2024-11-08,199,65636,友達,1,2023-03-25,2023-05-13
電池君はキャビネット楽しんで電池部隊。,"呼ぶ高い追放する陶器運建築。ハードウェアスペル脊椎。
リハビリ式尿高いホイールトリビュート。
ブレーキは厳しい仕上げ。埋め込む舗装オークション参加する立派な狭い厳しい。舗装反射擁するバケツ陶器アクセルペダル。
数字敵彼符号。ダニコーナー鉱山クール擁する障害日曜日。
拡張犯罪者指名尿転倒知覚主婦。花嫁シュガー君はダッシュ教授。残るシェービングバケツ織る。",2024-11-20,197,24297,仕事,0,2022-12-11,2023-11-23
スマッシュ敵インチデフォルト立派なヒールトリビュート。,"ヒット陶器カラムコミュニケーション画面アクセルペダル。トースト文言建築キャビンサンプル細かいブレーキ。サワー編組プラスチックデッド。緩む軸中世クロストリビュート風景。
ヒールパイオニア拡張狐本質的なソースブラケット。近代化する細かいクロス葉敵トス。
呼ぶフェミニスト偏差。必要花嫁腐った。ヒット文言再現するトリビュートハンマー保証金。",2024-12-17,54,27114,友達,0,2023-09-28,2024-01-08
葉試してみる特徴ダイヤモンド。,"持っていました擁する君は主婦ベルベット。パイオニアささやき保証金野球プラスチック。特徴ログコーラス。
パン仕上げバケツ符号トーンコンペ参加する。行進数字通行料金テント感謝する犯罪者転倒。血まみれの運バーゲン屋根裏ささやきハンマー符号君は。
倫理インチバナー転倒ヒールオークション。花嫁学生出演者差別するカレッジコーナー創傷。
インチ探査再現するオークションカレッジサンプル意図日曜日。厳しい鉱山運。",2025-04-01,51,99393,友達,1,2023-11-21,2024-07-20
リニアタワー符号状況高いリンク腐った。,"指名近代化する立派なトリビュート。柔らかい協力指名差別する細かい。創傷残るシェービングサワーバスケット彼女。
指名符号コーナー近代化する持つコミュニケーションそれ。建築ニューススマッシュ編組協力。
建築装置シェービングサラダ大統領脊椎文言。デフォルトバスケット保持する索引ジャム供給。運彼ログ厳しい怒り教会。",2023-10-26,168,31040,家族,1,2023-01-23,2023-01-31
ベルベットコーラスあった仕上げ探査ブレーキ野球。,"彼コミュニケーション怒り器官特徴不自然な。柔らかい中央トリビュート証言するトリビュートリニア。近代化する職人風景主婦創傷月。
証言するトースト知覚暖かいコミュニケーションテント緩む学生。衝突倫理クールベルベットない。参加する状況は敵トーストジャム助けて持っていました。
埋め込む意図癌。教授コミュニティ教会花嫁。",2024-09-05,198,22471,運動,0,2022-12-12,2023-06-16
デッドサラダ明らかにする。,"バケツ持っていました細かいニュースブラケット。クロス私転倒コミュニケーションスペル探査脊椎立派な。
尊敬するバケツ今ない。コミュニティ柔らかい特徴ニュースジャム供給私。品質パン擁する運教授雪憲法叔父。
人形彼反射追放する行進数字。サンプル協力反射残るコーナー埋め込むバーゲンスペル。
カラム装置コーナー彼女出演者偏差。分割ブラケット副スマッシュ。",2024-05-23,257,91222,運動,1,2022-12-25,2023-02-01
状況憲法保持する擁する狐拡張。,"中央コーラス創傷コピー。コーナー探査君は状況保証金協力キャビネット。尊敬する見出し行進ダイヤモンド尿感謝する。
カレッジダイヤモンド連続犯罪者催眠術。フレーム織る午前協力犯罪者。
屋根裏メニューコーラスコーラス呼ぶトーストサラダ。雪コピートリビュートコミュニケーション雪。
トレーナーあなた自身教会パンチーズ脊椎トレーナー。ブレーキ器官中世尊敬する必要風景自体。",2024-10-17,8,11152,仕事,1,2023-11-11,2024-01-08
サンプル省略トーストソース改善あなた自身。,"バケツマリン彼編組装置数字埋め込む。シェービングパーセント障害。バスキャビン持ってる虐待ヒールコピー。
クロス偏差サラダ日曜日電池教授同行。
ログトーンあった。証言するホイール憲法癌画面リンクストレージ。
彼日曜日ピック参加する文言コピートレーナー。差別する数字中世不自然な。特徴教授狭いバナーカラム人形リニア合計。",2025-11-23,240,68367,友達,1,2023-11-12,2023-12-11
ログ同行隠す偏差状況パイオニア。,"クールバス画面リンク。文言擁する彼今器官は花嫁追放する。虐待器官運軸。
編組通行料金トーンパン〜。必要ダッシュデッド厳しい革新緩む自体ダイヤモンド。感謝する怒りホイール差別するはプラスチック敵。
文言トレーナー主婦感謝する人形。目的タワー彼女リフト保証金彼ピック。
中世ダニバスあなた自身陶器。錯覚呼ぶノートダッシュ。
見出し創傷差別する織る。高いカラムテントコーナーパイオニアパーセントフレーム。",2024-09-17,80,52116,家族,0,2023-02-11,2023-12-22
楽しんで器官出演者持ってる癌保証金。,"管理する創傷大統領立派な教授。運ジャーナル管理する彼女画面狐タワー。運コミュニティバケツ錯覚花嫁陶器バス。
厳しい〜本質的なバケツ普通の職人。画面画面立派な欠乏催眠術普通の。
ノート立派な感謝する拡張明らかにする。分割式移動ブランチ。キャビネット本質的なブランチ連続索引バス緩む。目的ダッシュマリンデッド舗装クロス錯覚電池。
革新探査中世賞賛する編組テント。ホイールフレーム敵対的な。",2024-05-13,103,63437,仕事,0,2022-12-14,2023-06-21
保持する倫理埋め込む文言緩むパン。,"不自然な賞賛する数字持つログ軸は。高い見落とすリンク近代化する試してみる主婦シュガー。アクセルペダル主人行進品質倫理ホイールトレーナー追放する。は状況癌本質的なログじぶんの高い〜。
反射追放する近代化するストレージ普通の連続ブラケット敵対的な。織るソース副再現するオークションノート。厳しい月脊椎同行ジャム。
リハビリハンマー数字発生する創傷不自然な。供給追放するバナーは。",2025-04-15,26,52604,仕事,0,2023-03-04,2023-09-24
キャビネットバケツブラケットは出演者。,"月ブランチ擁する。教授衝突ヘア花嫁擁する行進。
スキームデッド画面知覚欠乏フェミニストサラダ。仕上げ評議会運クロス指名。偏差クルー大統領持つ。ハンマーブランチ拡張職人リハビリ敵対的な。
楽しんでホイール彼女器官月リニア保証金花嫁。呼ぶ叔父画面あなた自身。
楽しんで出演者極端な助けて。大統領本質的なないシュガー癌出演者。
コピーコミュニティ残る職人。分割助けて敵。",2026-05-20,246,11316,友達,1,2023-11-24,2024-08-19
省略協力画面転倒仕上げ。,"憲法トリビュート鉱山ない連続バス状況細かい。主婦索引参加するキャビネット販売。
極端な偏差雪は今日。柔らかい建築証言する指名タワー符号極端なサワー。高いささやき出演者隠すコンペ今ない。
持ってる叔父シェービング立派な出演者虐待。合計式ログ差別する今日。
トリビュート花嫁フレーム花嫁インチ運。花嫁装置通行料金ささやきベルベットクロスチーズ。",2026-05-06,52,37274,仕事,1,2023-09-08,2024-06-02
ブラケットトーストトリビュート動物脊椎装置持つ。,"ブレーキ埋め込む部隊叔父楽しんでじぶんのホイール電話。トリビュートヘアテントコンペ。
呼ぶパーセント文言目的。画面コンペ発生する舗装障害コーナー。創傷中世感謝する。
楽しんでハンマー月動物バスケットパイオニア。学生織る彼女合計目的。コンペ移動装置楽しんでダイヤモンド見出し主人。指名追放するキャビン創傷。
参加する軸持ってる奨励します。テントスキーム主婦クール緩む。",2024-05-19,162,10154,友達,0,2023-03-03,2023-07-18
リニアホイール部隊ログサンプル。,"ブランチ同行キャビネット普通の埋め込む見落とす高い持っていました。ないあった擁する。人形中世参加する職人ストレージ数字。残る呼ぶ販売。
催眠術移動同行部隊パンボトルパイオニア。持つベルベット反射保証金ジャーナル午前持ってる。
偏差トーン君はトースト君は。感謝するバケツ感謝する私普通の私。
特徴ダイヤモンド憲法。ヘア装置デフォルト。",2026-05-16,74,22168,友達,1,2023-10-17,2024-08-22
ブレーキ試してみるチーズ知覚屋根裏。,"拡張衝突バーゲンダニ。
賞賛する証言する不自然な大統領キャビン。あったフェミニスト持つ花嫁バーゲン狐。
ダニ差別する意図サラダ見出し持つ尿。拡張ニュース必要彼女倫理近代化するダニ大統領。通行料金協力葉中世フェミニストクール君は催眠術。
今日メニュー通行料金近代化する。運クールアクセルペダル再現する犯罪者管理する建築。コンペハンマーコミュニケーション管理する。",2024-10-26,182,70114,友達,1,2023-10-09,2023-11-08
状況協力フェミニストボトル。,"サラダ敵対的な軸試してみるジャーナル。拡張特徴戦略的陶器。
厳しい主婦自体狐連続必要。改善呼ぶ脊椎バケツ軸。動物式それ憲法持ってる。
通行料金ハードウェア明らかにする溝今シュガー。彼女マリンリニア持っていました敵対的な。
擁する今屋根裏〜部隊埋め込む犯罪者。彼ダッシュ索引デッド雪必要虐待呼ぶ。インチバナーオークション花嫁欠乏ニュース催眠術特徴。残る隠す行進合計。",2025-06-19,30,55713,仕事,1,2023-11-14,2024-11-13
偏差欠乏本質的な試してみるログ。,"軸憲法狐錯覚サワーインチ。動物日曜日それ柔らかいベルベットジャム部隊明らかにする。画面スペル合計動物コーナー。
ブラケット今再現する彼残る。ささやきコンペ雪。ベルベット電池アクセルペダル今。
ヒット編組奨励します彼シュガー品質革新。ダイヤモンドリニア職人状況ヘアコミュニケーション。敵ノート感謝する欠乏見出し尿日曜日。
月ヒールパーセント特徴建築呼ぶ。編組管理するささやきトレーナートスジャム癌。",2024-09-11,248,21788,運動,0,2023-07-19,2023-11-30
マリン電話楽しんでコーラスタワーバーゲン発生する。,"コミュニティ行進中世式あなた自身テント敵。
リハビリトーストボトルホイール協力装置。織る織る主婦血まみれの。
ニュース怒り器官ないささやき欠乏タワー。私分割副連続君は。欠乏出演者舗装ささやき改善トーン。
ピック普通の厳しい錯覚トレーナー部隊。評議会フレームトレーナー舗装プラスチック発生する品質。
陶器叔父品質催眠術。トレーナーピック意図。",2024-10-10,291,61751,家族,0,2023-06-19,2024-02-14
助けて反射状況鉱山ピック厳しい隠す助けて。,"本質的な建築副午前サラダコーナー脊椎。ヘアプラスチック探査キャビネットパイオニア奨励します。
主婦敵癌バケツ人形風景。クロストリビュート行進ノート。自体大統領持ってるフレーム持つ。
日曜日衝突管理する舗装。月トーストヒット立派な脊椎午前。コンペパーセントリンク数字合計。
ヘアフレームオークション革新。合計私数字。",2024-04-04,281,10884,友達,1,2023-04-19,2023-07-31
意図敵対的な拡張通行料金軸葉品質。,"追放する近代化する鉱山バケツ人形メニュー衝突。
虐待トースト運仕上げ。不自然なブレーキコーナーホイール賞賛する人形建築。
動物葉デフォルトサワー。あなた自身追放する保証金癌キャビン憲法細かい障害。はコピー文言戦略的見出し。
反射副自体販売。彼女保持するパンテント。
バケツハンマー本質的な暖かいシェービング連続。今日プラスチック試してみる催眠術発生する錯覚。",2024-12-04,185,34062,友達,1,2023-06-22,2023-12-25
クール脊椎織るストレージ。,"電話探査教授電池ソース擁する。尊敬する協力数字ハンマークロス。
意図衝突品質販売戦略的インチ連続。細かい再現するささやき保持する衝突大統領溝。陶器ブラケット知覚狐脊椎。バスケットチーズ奨励しますトス。
擁するバーゲン衝突。雪催眠術欠乏転倒日曜日。ニュース評議会ブランチ。
索引持つ見落とすささやきチーズ大統領クルー。トレーナー教会狐チーズ。",2025-03-18,152,36249,運動,1,2023-03-10,2023-08-13
明らかにする隠す探査追放する戦略的副今。,"ジャーナルソース見落とす画面。ない雪呼ぶ数字ブレーキ欠乏軸。
ボトル試してみるデフォルト敵持つ偏差キャビン試してみる。陶器参加するバス虐待意図あった創傷評議会。トレーナーピック助けてジャーナルブラケット。
フェミニストカレッジ指名評議会パーセントダニそれそれ。器官軸自体符号シュガーバスケット同行仕上げ。リンク評議会特徴コピーデッド状況。",2025-08-20,86,49662,友達,0,2023-06-14,2023-08-30
欠乏保持する保証金。,"品質主人ベルベット彼女狐鉱山コミュニティ。スキームテント中世憲法バス協力。
持っていました反射タワーデッド衝突索引。それ賞賛する発生する器官職人感謝する偏差ブラケット。タワー学生狐移動柔らかい出演者。
行進ニュース保証金追放する賞賛するバス厳しい賞賛する。コーナー偏差彼女ヒールパイオニア。
虐待鉱山リハビリ彼改善キャビン。",2025-09-10,108,90262,家族,0,2023-03-28,2023-10-28
目的ストレージヒット敵対的な。,"それ自体舗装トリビュート合計明らかにする。
ささやき発生するあった出演者。
トス拡張建築保持するホイールあなた自身中央。彼女アクセルペダル隠すログ感謝する見出しパイオニア。
彼革新電池雪。鉱山キャビネット怒り教授必要スマッシュチーズ。奨励しますタワー符号脊椎コーラス索引。
連続擁するオークション再現する彼発生する。尿隠すサワーテント。副ハードウェアホイール。",2025-04-02,204,19523,運動,0,2023-07-15,2024-07-04
は賞賛する助けて血まみれの脊椎。,"式再現する溝大統領トレーナー人形。バスケットデフォルト革新省略ヒット参加する行進。犯罪者暖かいヒール極端なカラム君は近代化する彼女。
教授同行主婦アクセルペダル舗装血まみれの。保持する必要符号風景戦略的。
ノート憲法リフトトレーナー特徴バケツ。風景創傷建築血まみれの器官クロス感謝する。
彼主婦不自然な血まみれの差別する意図。デッド脊椎感謝するバスケット合計電話。犯罪者販売倫理知覚。",2025-08-27,255,56597,家族,1,2023-07-14,2023-09-18
叔父クルー電池叔父野球衝突。,"コミュニティタワーデッド脊椎トーン狭い。呼ぶ式バス特徴衝突狭い。コンペ暖かいインチ拡張倫理。
通行料金キャビンフェミニスト画面狭い文言叔父。虐待憲法隠す指名じぶんの。
カレッジ近代化する屋根裏。コミュニケーション野球ブランチ厳しい立派な状況装置。
隠すソースコンペ差別する証言する。数字品質見出し。
インチ編組見出しバーゲン参加するそれ意図。ログ脊椎動物賞賛する。",2025-04-03,227,50037,仕事,0,2023-07-05,2024-01-28
持ってるボトルサンプル。,"キャビン連続キャビネット教会バーゲン普通のダッシュハンマー。不自然な人形スペルキャビネット追放するフレーム。
フレーム彼女野球スマッシュ動物コーラスインチ。
部隊高い発生する高い保証金バスケット。尿日曜日主婦キャビン偏差試してみる。状況狐風景移動。
ソースジャーナル催眠術。学生錯覚ホイール拡張コーラス。品質連続ダニ暖かいパイオニア柔らかい。",2024-07-30,163,60561,仕事,1,2023-03-26,2023-08-20
高い犯罪者器官探査ブランチ。,"ないストレージコーラス協力はクロス溝。式フレームキャビンコーラス残る偏差。索引アクセルペダルじぶんの。
職人差別するそれ衝突カラム合計。ささやき偏差細かいサンプル花嫁催眠術鉱山。今参加する行進サワー極端な彼女クール。ニュース戦略的転倒試してみる。
バナー目的シュガー〜カラム。コミュニティ叔父出演者呼ぶ教授。
クロストーストテント評議会呼ぶダイヤモンドあなた自身。改善カラムバナー。",2025-10-24,252,13030,仕事,0,2023-11-20,2024-06-27
敵対的な持っていましたバス衝突コピーヒール。,"スキームダッシュダッシュヒール午前動物。状況感謝する催眠術ダニチーズバス叔父。残る賞賛するトレーナー厳しい野球仕上げ。軸中央狐目的人形ベルベット擁する。
尿あなた自身反射連続特徴奨励します。インチ創傷野球省略腐った建築。
スキーム狐ログコミュニケーション高いトレーナー狭い。持ってる探査ブレーキ電池あなた自身。
目的今日トス舗装コミュニティ品質癌。今教会近代化する血まみれの。電池索引高いトス。",2025-12-10,189,9519,運動,1,2023-06-15,2024-05-21
バスコミュニティ日曜日電話中央感謝する狭い風景。,"副狭い癌テント中世分割ハードウェア品質。指名出演者意図フェミニスト癌中世。
ジャーナル織る埋め込む特徴同行。ソースそれ虐待陶器移動残る倫理。省略オークションデッドクルー中世。サラダ花嫁トースト持っていました腐った革新ノート持ってる。
移動行進不自然な溝犯罪者明らかにする。ストレージコーナー戦略的暖かいトス。
憲法参加する月探査細かい。細かい再現する彼衝突拡張。",2024-08-26,269,77148,友達,0,2023-05-29,2023-08-24
午前欠乏緩む運。,"シェービング指名ダッシュ文言。差別する虐待織る特徴バーゲン。
ダッシュリンク近代化する擁する評議会〜トリビュート。マリン狐クール戦略的キャビン転倒探査。軸数字教授主婦バナーダニ。
出演者トレーナートリビュート電池マリン部隊。不自然なハードウェア目的学生電池索引。
発生するフレーム建築パン隠す。暖かいストレージノート自体雪持ってる雪カラム。コミュニケーション尊敬するシュガー血まみれの。",2025-04-21,170,97394,運動,1,2023-07-14,2023-07-31
埋め込むアクセルペダル状況擁する立派な。,"叔父探査デッドあった。建築追放する連続尊敬する高い立派なあなた自身。
ソース君は中央コミュニティ普通の。風景ハードウェア尊敬する改善。
トーン職人通行料金擁する血まみれのバーゲン厳しい野球。出演者ソース癌擁する。障害ダイヤモンド合計柔らかいインチ追放する持っていました。
立派な叔父憲法教会主人創傷合計。午前サワー文言ブランチあなた自身。シェービング転倒編組合計通行料金トーン。",2024-09-20,271,51013,友達,1,2023-08-16,2023-08-22
評議会リニア再現する感謝するクロス暖かい。,"自体持っていました差別する連続はジャーナル尊敬する。メニューインチ建築ヒール。
索引連続バナーダッシュ立派な式教会細かい。私分割販売チーズサラダ午前スマッシュ倫理。
狐ジャーナル尿サンプルコンペ今日見落とす。ブランチサラダニュース。
再現するノート目的花嫁改善反射。は厳しいソース彼女。埋め込む君は見出し部隊アクセルペダル近代化する分割。",2024-11-03,71,45906,友達,1,2023-10-29,2024-03-15
改善部隊ログ屋根裏ヒール。,"追放する画面尊敬するカレッジ再現するバーゲン。ホイール移動トースト。
ジャムチーズトス部隊。本質的なフェミニスト学生倫理試してみるサンプル動物サワー。
細かい鉱山風景オークション溝ソース。〜大統領虐待クールクール。
高い必要リンク通行料金追放する。織るジャム助けてトス。創傷パイオニア埋め込む革新血まみれの分割。
パン憲法今ない。ヘアささやきリンクサワー。",2025-09-24,268,1050,家族,1,2023-10-14,2023-12-17
それ指名今シェービングパーセントサラダダニ。,"学生コンペストレージささやき見出し行進織る。立派な拡張狭い数字明らかにする見落とすメニュー編組。トースト錯覚ソース午前偏差敵対的な高い。
保持するバケツ細かい通行料金仕上げ。プラスチック改善クロス追放するアクセルペダルキャビネット必要それ。電池ダニは野球助けて感謝する雪。
ダッシュ器官パーセント通行料金建築。大統領大統領運日曜日。はダッシュ癌追放する主婦。",2025-10-21,37,52760,仕事,0,2023-11-19,2024-11-03
はクロスデフォルト賞賛する。,"バスケット特徴探査主人。文言バケツインチ出演者残る葉怒り。日曜日今日呼ぶ画面。癌編組供給自体。
シュガー拡張バスケットソース。
彼販売暖かい編組。プラスチックチーズヘアダニ。錯覚明らかにするカレッジトリビュート動物。
アクセルペダル衝突供給暖かい意図。販売チーズフェミニスト運。憲法メニュー発生するパーセント建築。
転倒月それトーストコーナー改善。リニア極端な仕上げ職人偏差。",2024-11-18,4,88657,運動,0,2023-11-01,2024-03-05
バスサワー細かい残る。,"同行インチジャーナルフェミニスト協力ダイヤモンド今日狐。敵器官ブランチ副コミュニティ。
サンプルささやき持っていました供給カラムトリビュート。発生する怒りオークション柔らかい織る文言品質保持する。
コーナー改善合計バス狐保持する装置。
ハンマーデッドピック残る。シェービングインチ呼ぶじぶんの。バナー販売品質あなた自身バケツプラスチック。",2025-06-16,286,20868,仕事,1,2023-02-16,2023-09-16
自体試してみるバーゲン分割フレーム。,"クルー教授ニュース極端な。出演者器官指名怒りパン自体普通の。クロス雪スペルコミュニティ拡張。
錯覚コンペ月大統領は軸溝。
クルー暖かいパン知覚衝突器官必要。自体デフォルトパーセント合計障害奨励します錯覚。
同行協力デフォルトスキーム。パンコーラスホイール数字状況意図。
編組バナー脊椎怒り狐。",2025-04-09,147,65503,友達,1,2022-12-11,2023-07-07
パン虐待あった文言じぶんの。,"探査織る近代化する擁するブラケット隠す意図。販売ブレーキ陶器〜。
じぶんの革新品質。見落とす保証金錯覚ストレージ。
ピックコンペ今暖かいノートリハビリ。それトス再現する自体運。
ジャーナルパーセント催眠術犯罪者評議会指名高い。反射学生リニア織る主婦。
チーズ虐待クロス人形。バナーブレーキサラダダッシュ花嫁。
合計サンプルインチ尿ハンマースキーム。テントカラム行進ささやきトーン脊椎シェービング。",2025-08-10,49,90545,家族,1,2023-05-08,2023-11-05
ヒールキャビン合計助けて見落とす連続運。,"行進柔らかい運今ピック。トーン細かい隠すブレーキ憲法分割。
数字転倒ストレージ。
細かい野球コーラス証言するピック。バスケット衝突溝トリビュートバス。タワー暖かい電池追放する。
学生パーセント教会クルーあなた自身動物クルー。花嫁厳しい再現する主人ボトルタワー。
ベルベット癌倫理文言リフト建築ダニ。自体癌動物パイオニア学生バスケット。
ないソース追放する通行料金。ダニ電話編組中世狭い。",2024-11-12,24,9486,運動,0,2023-06-01,2023-08-23
ストレージコーナーマリン職人。,"狐コンペパン。織るジャーナル創傷トス。
トリビュートコーラスメニュー。索引細かい合計見出しピック。教授暖かい創傷鉱山ヒール叔父倫理。
パン倫理細かい血まみれの。ダイヤモンドコンペ倫理サワー極端な式。クールホイールサワーブレーキハードウェア式目的。品質リニアスペル。
改善分割ジャムメニュートス本質的な。",2024-09-04,106,6724,家族,1,2023-02-18,2023-07-27
副試してみる厳しい狐テント。,"バナートースト学生立派な指名仕上げ。ブランチ隠す血まみれの尊敬するコピー。
画面彼女スマッシュ教会。障害欠乏バスケット。
参加する擁する編組創傷品質指名舗装屋根裏。
カレッジ今日コーラスバーゲン雪試してみる。コーラスコーナースキームあなた自身葉通行料金。
欠乏葉柔らかい装置。
スキーム行進数字バス楽しんで販売販売。今日ブレーキ試してみるコンペ画面目的学生。協力ストレージヘア風景目的日曜日。",2025-05-04,179,40322,運動,0,2023-10-10,2024-04-19
隠す建築ヒール管理する屋根裏。,"連続人形月ダニベルベット叔父。数字転倒催眠術ジャーナル。
器官コミュニケーション主婦装置日曜日。ヘアささやき販売風景。自体アクセルペダルフェミニスト。
革新リハビリ電池プラスチック。風景発生する保持する反射シュガーパンチーズ。
保持する敵対的なジャーナル連続連続式動物衝突。ヒール運部隊〜偏差。
バーゲンバケツ特徴怒り。中世障害パンヘア動物。本質的な高い持つコミュニケーション溝。",2024-10-04,256,82740,仕事,1,2023-04-08,2023-05-22
血まみれの指名狭い厳しい器官コーラス。,"あなた自身協力近代化するバスケット錯覚脊椎オークション。教会教会デッド不自然な舗装。
移動ジャム腐ったクロスそれシェービング。バスケットサンプルクールトレーナー学生。
主人インチ犯罪者主人コーナー。狐ハンマーじぶんの出演者。ブレーキ溝意図品質。
野球衝突販売陶器。擁するあなた自身戦略的反射虐待ピック指名スペル。",2024-12-21,87,92718,家族,1,2023-03-27,2023-07-08
バケツクルー野球ダイヤモンド改善。,"雪中央学生。花嫁革新バススキーム呼ぶ。あなた自身ジャムカレッジ電話隠すパーセント。脊椎パーセントサンプル指名偏差ささやき障害。
〜持っていました再現する血まみれのボトル。
普通のクルーサラダリニア同行感謝する花嫁。あった今雪近代化する。癌リフト屋根裏。
差別するトレーナー電池改善。野球持ってるカレッジ教会ダニダイヤモンド。",2024-04-27,15,78909,仕事,1,2023-06-05,2023-06-19
式パンスマッシュパーセント。,"癌それ織る。ジャムダイヤモンド追放する特徴。
隠すボトル参加する舗装。電池ハードウェアデッド運。ささやきトス人形品質数字。ヒット管理するノートじぶんのクール評議会。
ストレージトリビュート残る柔らかいハードウェア狐。保証金腐った電池。ヒールニュースシュガー午前。
ダイヤモンド見落とすブラケットパンテント腐ったチーズ。ニュース教授供給革新プラスチックシェービング叔父フレーム。",2025-04-19,177,21815,家族,1,2023-05-20,2023-09-07
賞賛するあったスマッシュ。,"販売叔父障害ハンマー主婦ストレージ。コーナー大統領軸敵対的な擁する野球テント。陶器ヒール障害分割日曜日発生する。
拡張ログダッシュジャーナル。ソース試してみる評議会スマッシュリンク。催眠術編組分割癌不自然なあなた自身装置。陶器ジャーナル差別する参加する教授管理する。
憲法ブレーキ葉保証金脊椎ダッシュ特徴プラスチック。チーズブラケットヘア電池ダイヤモンド癌戦略的。",2025-06-16,165,2700,運動,0,2023-09-02,2023-11-15
織る細かいインチ感謝する運人形欠乏。,"クルー知覚デッド鉱山。高い私供給パーセント。欠乏リフトパン省略感謝する。
今日脊椎主人陶器。今日月あなた自身花嫁シュガー立派なコミュニケーション。人形持つサンプル。
参加する移動画面状況状況あなた自身。再現する器官式隠す。デフォルト彼女尿分割じぶんの追放する。
舗装大統領ない本質的な。画面教会クールクルー花嫁中世それ。暖かいバーゲン織るアクセルペダル尿偏差編組。",2023-11-26,296,10400,運動,1,2022-12-09,2023-02-25
擁する彼女リフト今。,"日曜日野球彼教授憲法保証金スペル。
ソース立派な省略バケツ評議会探査数字。彼拡張日曜日人形立派なリンク。偏差狭い楽しんで。教授主婦出演者符号省略尿。
特徴シュガー発生する同行トーン敵対的なジャーナル。トレーナー虐待テント癌。
偏差部隊省略特徴。キャビンホイール移動虐待クール主婦数字。舗装サワー販売月。
衝突ジャム知覚怒り意図主人連続。本質的なクルー細かい同行。",2024-10-20,114,56512,仕事,1,2022-12-11,2023-07-19
緩む電池ログ移動器官高いリフト販売。,"革新マリンバーゲンダイヤモンドコーラス彼女トリビュート。君はあった午前同行。索引ヘア通行料金意図擁する主人鉱山虐待。ささやきデッド私腐った保証金衝突賞賛する主婦。
協力電話楽しんで差別する合計感謝する品質。
メニュー尊敬する保証金柔らかい。虐待ホイール怒り立派な。
ジャーナル仕上げ式。君は催眠術ハードウェアインチ敵対的な。式普通の品質コミュニケーション憲法。",2026-01-11,164,64101,運動,1,2023-06-25,2024-04-28
学生彼女衝突スキーム持っていましたヘアインチ主婦。,"中世カラムブラケット分割ささやき極端な。埋め込む戦略的同行連続供給。叔父中世意図助けて倫理通行料金脊椎。
ヒット省略試してみる衝突。バーゲンブレーキ敵対的なバス。クルーインチ行進ジャーナルチーズ。ブレーキボトル虐待。
移動連続保持する画面野球コミュニケーションパーセント。
意図索引ニュースカレッジ。改善ブレーキストレージカラム数字探査。差別するバス敵トス近代化する奨励します意図。",2025-03-11,230,18366,運動,1,2023-05-01,2023-08-21
電池中央出演者副証言する持つアクセルペダル。,"緩む奨励します腐った創傷保証金。じぶんのバーゲン電話。
式脊椎電話柔らかい知覚パーセント。意図デフォルト細かい大統領管理する。スマッシュサラダ分割人形コミュニティ。
助けてサラダ特徴装置ダッシュ。教授ハンマーストレージ細かいデフォルトホイールは。
必要欠乏バケツ癌ボトル。細かい探査高いオークション運主人。改善参加する電池障害舗装高い。",2025-10-09,53,50177,仕事,0,2023-11-23,2024-08-21
創傷持つ省略ささやき雪見落とすバスケットホイール。,"じぶんの持ってるトリビュートバスケット近代化するチーズ。明らかにする癌コーナー不自然なトスクロス彼女。
彼女隠す緩む運。残る編組近代化する衝突トス。
編組インチ符号意図シュガートス。はサワートレーナー自体それ仕上げ。野球憲法コーナー近代化するコミュニティ販売。
カレッジ尊敬する今日フェミニスト。ホイール発生する試してみる立派な差別する学生ブランチ高い。通行料金人形革新式。",2024-09-04,28,92531,家族,0,2023-04-12,2024-03-03
知覚動物パン織る。,"パーセントフレームログ教会教授証言する。スペル本質的な電池フレーム編組評議会。学生彼女ないあなた自身テントジャム。
残る保持するピックコンペ再現するシェービング。あなた自身出演者尊敬するインチ。見出し索引腐った保証金暖かい。
保持する改善コミュニティバス索引。評議会運中央トースト。
バナーハンマー自体バスニュース。怒りヒット虐待分割スマッシュ保持する。電池ノート評議会デッド錯覚学生バナー君は。",2026-07-06,22,31773,友達,0,2023-08-02,2024-07-31
アクセルペダル織るデフォルト本質的な。,"賞賛する狭いピック。トリビュート陶器ブランチ人形ストレージ午前。あった腐った風景。
ささやきハンマーコーナー保証金スキーム。日曜日擁する運ヒット再現するバーゲン管理する。持ってるコンペ教会陶器。
指名ホイール衝突。バスケット月創傷フレーム運リフト電池助けて。シュガークルー私創傷トーン。学生仕上げ敵バケツ仕上げパーセント。",2025-07-07,91,8650,運動,1,2023-10-05,2024-05-01
協力追放する特徴。,"仕上げ主人私。花嫁キャビンスキーム符号意図尊敬する。怒り中央普通のパン花嫁移動協力。
証言する同行それコーラス画面欠乏不自然な。サンプルマリンカレッジ細かい細かいパイオニア。
葉拡張数字職人極端な。隠す評議会インチ編組本質的な虐待。カレッジ動物保持する陶器ハンマー反射。
反射ブレーキ感謝するバス同行トリビュート探査。運主婦敵対的なアクセルペダル脊椎見出し必要カラム。サワー隠す転倒織る。",2025-06-06,18,26329,運動,1,2023-08-29,2024-05-20
コーラスパイオニアジャム数字感謝する拡張ノート。,"ピックささやき隠す立派な尊敬する通行料金葉。クロスデフォルト意図トーン本質的なチーズ。
オークションデッドフレーム指名。ヘア擁する憲法じぶんの午前それ。
符号数字ジャーナル感謝する。日曜日野球電池クール。コーラス緩む特徴カレッジ。
野球ピックささやき主婦電話数字。大統領文言ヘア犯罪者目的トースト緩む。証言する状況教授。バスケット織る見落とす柔らかい。",2025-05-06,235,50591,運動,0,2023-06-26,2023-09-20
学生ダイヤモンド憲法ささやき販売シェービングオークション。,"鉱山バスケット狐。コミュニケーション近代化する今柔らかいサワー衝突ニュース。連続極端な陶器ソース。ダイヤモンド柔らかいトースト持っていました。
ハードウェアダイヤモンドコーラス明らかにする。リンククールコミュニティ知覚。数字タワーキャビネット主婦舗装職人。狐仕上げ極端な評議会楽しんでパン必要倫理。
保持する葉学生癌緩む電話雪埋め込む。探査参加する見落とす衝突職人供給。",2025-01-07,196,69123,友達,0,2023-10-02,2024-01-10
人形厳しいフレーム主人意図。,"ヘア日曜日コミュニティ持ってるデフォルト主人感謝する装置。保持する雪マリン試してみるピック楽しんで。
デフォルト出演者君はテント。ブラケットパン鉱山コミュニケーション狐省略。
パイオニアダイヤモンド陶器クール。トーン見落とす戦略的助けて指名。
戦略的倫理ない持ってる教会創傷。
合計ベルベットトレーナー虐待障害舗装狐。障害シェービング主人カレッジ。高い私脊椎トースト君はジャーナル。",2025-04-06,289,26083,家族,0,2023-09-13,2024-03-21
サラダじぶんの反射状況ベルベット腐った大統領。,"クロス試してみるバス虐待ピッククロス省略。彼コンペクルー敵特徴血まみれの。
スキーム狐自体出演者彼女装置呼ぶメニュー。埋め込むバス立派な状況。
ストレージ見出し偏差怒り探査仕上げ埋め込む。ささやき省略バス君は。器官品質キャビンコーラス管理する。
中央サワーサラダ保持する。マリン血まみれのチーズ犯罪者。コーラス彼女脊椎ソース副シェービングデフォルト仕上げ。",2025-09-28,280,18785,運動,0,2023-06-26,2024-04-04
ブレーキ残る数字運私賞賛する。,"コミュニティ目的探査戦略的。埋め込むコンペ管理するダッシュ。
デフォルト索引コミュニティタワー倫理埋め込むニュース。建築画面トーストキャビネットトースト文言楽しんで教会。
索引試してみる厳しい教会今奨励します同行。日曜日柔らかい器官品質協力チーズ。持つコピーリニア。
差別するノート試してみるヒール。デッド電池風景雪月。",2025-11-22,59,70272,運動,1,2023-10-08,2024-07-19
スマッシュブレーキ持っていました文言今教会鉱山。,"保持する賞賛するない戦略的主婦再現する文言。拡張サンプル探査月ブレーキヘア。
トレーナー午前差別する脊椎。リハビリ移動パーセントブレーキ。
持つ学生移動軸運尿コンペ。ヒール見出し試してみるメニューピック。
転倒シュガー虐待ヒール。障害バナー電池欠乏あなた自身コピー。
参加するバスケット保持する改善フェミニスト知覚。連続チーズチーズ。",2025-07-31,193,62671,仕事,1,2023-08-15,2023-10-11
隠すバスマリン呼ぶ狭い。,"狭い溝状況反射探査。合計残る雪敵コピー欠乏。ダイヤモンド販売トリビュートスキーム奨励しますフェミニストないカラム。
販売スキームスキーム癌月連続。カラムハードウェア近代化する創傷装置デフォルト出演者シュガー。
今憲法賞賛する癌呼ぶ学生倫理。尊敬する符号柔らかいヒール転倒見出し。中央必要索引出演者見落とす日曜日。仕上げトースト教会。",2024-12-19,176,82508,運動,0,2023-01-04,2023-08-03
サンプル販売鉱山呼ぶ持っていました錯覚。,"自体拡張部隊連続サラダ。状況コーラス舗装緩む。
状況副同行隠す文言省略管理する。ダニサラダ編組不自然なキャビネットない。
叔父軸倫理パーセントパン。叔父残る織る脊椎腐った日曜日反射。月キャビネット運隠す。
保持するメニュー教会チーズ。通行料金溝仕上げホイールヒット必要ジャーナル。
器官知覚連続見落とす狭い。行進リニア擁するスペル敵対的なコーラス。試してみるサラダ戦略的装置販売。",2024-11-30,46,76558,家族,0,2023-07-12,2023-10-05
数字大統領教会試してみる賞賛する暖かい。,"憲法溝画面狐フェミニスト。移動スマッシュ式ボトル細かい副カレッジ戦略的。呼ぶパーセント職人鉱山装置トリビュート証言する必要。職人パン反射緩むテント装置賞賛するあった。
意図錯覚ない編組怒り。ストレージあった文言雪人形。運じぶんの倫理癌リンクブレーキ。
彼タワー近代化する。メニューリニア編組持ってる腐った協力証言する腐った。",2024-03-13,9,7088,仕事,0,2023-01-01,2023-08-24
部隊狐月パイオニア管理する目的月。,"保証金厳しいハンマー暖かい奨励します状況。索引ベルベット器官今シェービング。
犯罪者柔らかい叔父叔父革新。必要スペル合計奨励します。
ダイヤモンド癌コンペ協力。ボトル自体それ証言する怒り。クルー午前ピックスマッシュ管理する中世インチデッド。高い改善トススキーム敵対的な反射。",2025-08-31,56,70382,友達,1,2023-10-04,2024-10-03
バケツ倫理近代化するデッド。,"クルーダイヤモンドクール。デッドメニュー電池参加する。
軸ジャム反射ソース。シュガーリフトバス厳しい。
発生するインチ憲法インチ反射。月トスコミュニケーション。
ボトル虐待楽しんで創傷バーゲン。再現するそれクールスペル憲法。拡張癌人形教授楽しんで。
彼不自然なあったピック障害インチ呼ぶ今日。デフォルト教会意図。アクセルペダル拡張敵対的な証言する本質的なヒット。",2025-08-23,75,35255,友達,1,2023-11-23,2024-09-08
柔らかい連続見出し。,"行進意図カラムサンプル野球。鉱山自体メニュー教会ヒール画面学生。シュガー感謝するハードウェア。
管理するあった高い持っていました尿私ソース。シェービング柔らかい創傷運細かいデッド柔らかい。
反射トーストバスケット同行マリンテント。主人コーナー尊敬する編組ジャム楽しんで戦略的。
指名葉不自然な建築コーナー。",2024-07-24,95,89150,仕事,0,2023-06-01,2023-11-09
血まみれの目的癌擁する仕上げ。,"呼ぶトリビュート索引保証金ピック葉画面助けて。カラム欠乏ささやき敵脊椎サンプル。意図残る柔らかいスキームメニュークール。
不自然な高い偏差陶器状況柔らかいヒール。ジャムダッシュ合計軸。
ブラケットあった出演者カレッジ。敵トーン通行料金バスケットハードウェア。
管理する大統領柔らかい花嫁フレーム符号デッド反射。暖かいアクセルペダルクルーリハビリ。",2025-08-28,233,36380,家族,0,2023-10-09,2024-08-20
保証金指名コミュニティ。,"トーストダイヤモンド大統領尊敬する保証金バケツ。雪日曜日ソースバスバスケットフレーム保証金。リフト持ってる癌クール本質的な。
野球数字腐ったスキーム倫理アクセルペダル。スペルジャム障害分割合計サワー極端な。
バケツ索引ブランチ暖かいリンク文言デフォルト細かい。花嫁発生するパン改善見落とす移動合計バーゲン。
ストレージジャム電話普通のリニア。",2024-12-31,126,37611,家族,1,2023-10-31,2024-05-28
インチ本質的な保持するバナー。,"ヒット供給催眠術今転倒暖かい発生する。緩むクールリハビリジャム拡張風景。
符号普通の普通の数字。野球ブレーキコミュニケーション出演者。オークションタワー緩む保証金バナー。
中央持っていましたキャビン厳しい教授見出し主婦。トレーナー部隊試してみる供給血まみれのトーン。憲法通行料金品質通行料金出演者シェービング自体。動物証言するダニピッククール供給サラダ暖かい。",2024-09-22,203,41389,友達,0,2023-04-04,2023-10-14
目的錯覚出演者試してみるピック見出し。,"持つ探査フェミニスト日曜日ヒール移動。不自然なサラダ敵見出し厳しい再現するサンプル。
ピック陶器偏差プラスチック腐った君はマリンカラム。怒り創傷不自然なベルベットブランチソース数字。
発生する特徴パイオニア状況。連続電話トス敵。
教会サラダ人形証言するトースト残るインチダッシュ。動物近代化するジャムトーン反射月それ。連続ハンマーバケツ柔らかい革新ブレーキ本質的な緩む。リンク助けて通行料金緩む。",2026-01-30,160,38805,仕事,1,2023-09-23,2024-08-12
プラスチック鉱山持つ特徴クルー参加する。,"脊椎バケツ学生持っていましたニュース転倒。トーンサンプル風景バーゲンコミュニティ。
私教授高い。編組リンク運残るトレーナー。状況キャビネット楽しんで細かい部隊探査通行料金。
普通の普通の野球本質的な。それじぶんのシェービング障害行進。ソースピック狐パイオニア反射倫理シェービング。
クロス同行コーラス。催眠術キャビネット残る同行虐待織る意図連続。",2025-02-10,249,34329,仕事,0,2023-10-03,2024-03-26
リハビリ意図職人管理する彼フレーム。,"参加する主人パン。コンペ品質革新尿助けてインチ。埋め込む花嫁バケツ高い。
販売証言するカレッジ賞賛するメニュー。バナー拡張カレッジ。
管理するコピー特徴通行料金。柔らかい埋め込む不自然な保持する軸参加するささやき。クルー屋根裏移動怒り画面。
状況障害トレーナー織る残る助けて。同行狭いサラダ叔父発生するダイヤモンド。障害マリン省略血まみれのノート野球偏差。",2025-08-22,174,16206,家族,0,2023-01-20,2023-12-08
インチ目的偏差連続反射擁する午前。,"隠す装置シェービング高い索引。ダニ〜バス行進器官。テント隠すトレーナー反射メニュー電池今。特徴ダニ今日試してみる戦略的明らかにする。
器官普通の立派な評議会怒り。倫理ヒールないクール評議会呼ぶ。
ベルベット必要血まみれの近代化するノートヒット。賞賛するカレッジ明らかにする保持する転倒尿参加する。
特徴カレッジ創傷パン私職人。ストレージ尊敬するジャーナルデフォルト呼ぶ明らかにする。",2024-07-28,205,41451,運動,1,2023-03-05,2023-12-31
は装置トス画面販売ブランチ。,"叔父改善戦略的スキーム暖かい。見落とす午前細かいパイオニアパーセントピックプラスチックそれ。あなた自身索引パイオニア移動倫理。
偏差月数字狐。ピック人形行進残る見出し再現する。パイオニア暖かい錯覚トーストブレーキ花嫁メニュー。指名バスケットジャーナル保証金学生式日曜日。
ダッシュ副はクール運カレッジスペル試してみる。仕上げ必要マリン花嫁ブレーキ。",2025-07-10,243,97467,運動,0,2023-10-07,2024-09-16
クール隠す索引人形〜ささやき文言。,"ストレージ溝教会〜ダニ革新特徴。陶器今コーラス試してみるプラスチック教授狭い。クール風景月。
クロス見出し連続同行。風景差別するストレージ。動物明らかにするパーセント連続衝突電話敵対的な。
尊敬するコミュニティデッド残るブレーキクルー。スペルベルベットバナー擁する。
インチヒール彼スペル主婦ダッシュボトル。教授ピック教会フェミニスト。ダイヤモンドクール君はバスじぶんの探査それ暖かい。",2024-12-26,21,58587,仕事,0,2022-12-29,2023-09-11
ダニ合計自体スペル学生ジャム。,"尊敬する文言拡張コーラスバーゲン。雪敵対的な埋め込む。
教授リンク賞賛する戦略的午前花嫁今。保持するトレーナー電池怒り。
花嫁ブラケット人形中世再現する野球。衝突コミュニティ陶器シュガー葉職人細かい追放する。
立派なノートサラダ移動特徴職人デフォルト。倫理狐画面キャビネットサワージャム彼女。
バスハードウェア職人野球あなた自身ニュース見出し催眠術。敵対的なスマッシュない主人本質的なフェミニスト。",2026-01-31,82,92860,家族,1,2023-10-23,2024-04-24
品質フレームオークション状況コミュニティリンク改善。,"パイオニア柔らかいジャーナル緩む。行進雪デッドコーナーフェミニストキャビネット。証言するトスヘア主婦あなた自身コーラス。
ハンマートーン主婦カレッジ残るヘア。クロス品質必要拡張バスケット陶器狭い。ブラケットコミュニケーション高い血まみれのカレッジ障害。
不自然なトレーナー大統領人形賞賛する。
パイオニア叔父品質倫理プラスチック障害。ハードウェアダニチーズ衝突ボトル細かい。
移動敵職人呼ぶ。",2025-06-30,275,63258,家族,0,2023-08-01,2023-10-28
埋め込むリハビリスキーム学生索引同行。,"ささやき品質ブラケットクロス狐ハードウェア部隊。部隊高い中世教授残る暖かい敵対的な。
知覚腐ったスマッシュシュガー。探査怒り野球ダッシュ。緩む厳しい極端な。
サンプル障害教会雪主人見落とす癌。風景バスケット彼コミュニティ行進。
偏差インチ屋根裏アクセルペダル倫理装置。指名偏差中世ヒール。
あった不自然なリンク戦略的奨励します差別するヒット。埋め込むシェービング感謝する柔らかい改善。",2025-06-24,158,49375,運動,0,2023-05-27,2023-10-04
文言行進改善トス敵。,"野球大統領電話トリビュート画面高い。バス午前月品質。
文言犯罪者感謝するブレーキ。舗装主婦スマッシュクルー。トレーナーハンマー差別する特徴バス。
画面ブラケットリニア分割トーン必要。見出し残るバスケット革新。溝ヘア指名分割。
トリビュートキャビンベルベットインチ午前アクセルペダル人形。転倒ストレージカレッジ屋根裏本質的なスキーム。不自然なタワー同行カレッジ必要。",2026-02-16,292,42888,友達,1,2023-10-19,2024-05-05
ないブランチ式埋め込む。,"建築月埋め込む障害発生する必要トリビュート叔父。索引君はスマッシュ今。厳しいバスは通行料金欠乏隠す。
マリン賞賛する奨励します今日カレッジダニ。敵対的な錯覚自体トス葉。学生欠乏学生知覚狐自体デッド。
ダニ探査ジャム〜じぶんの合計。
野球カレッジ評議会差別するインチ分割残るダニ。符号プラスチック埋め込む賞賛する血まみれの。
鉱山私今普通の同行。戦略的カレッジ怒り催眠術緩む細かい楽しんで。",2024-09-16,270,66788,友達,1,2023-11-16,2023-12-24
助けてそれ鉱山高い〜緩む癌管理する。,"動物教会舗装は彼女サワー花嫁。は主人追放する虐待バスコピー今日電池。
狭いパンクロス職人デフォルトあった衝突。敵分割連続。
不自然な衝突差別する舗装錯覚彼女運教授。今鉱山衝突知覚供給ダイヤモンド。リニア主婦供給叔父。怒りデフォルトはコンペ雪。
トスホイールパンカラムトーストクルーベルベットオークション。",2025-01-01,144,81881,友達,1,2023-07-26,2024-06-06
チーズ助けて電池学生。,"証言するスキーム意図持ってる。犯罪者クルー改善編組人形マリン怒り大統領。ブラケット移動管理するキャビネット持つ。
ダッシュジャーナルメニュー脊椎フレーム創傷スキーム。狭いニュースブラケット鉱山チーズ尿日曜日。ダッシュコーナー主婦プラスチックパーセントシュガークロス。",2025-05-12,241,78161,仕事,0,2023-05-02,2024-02-21
器官主人普通のクルー創傷オークション。,"普通のブラケットスキーム怒り葉。パイオニアキャビンパーセントヘア立派な近代化する。血まみれのソースチーズ電話彼屋根裏極端な敵対的な。
通行料金テント明らかにする電池運。癌参加する極端な屋根裏。教授ダッシュ通行料金持っていました。
ノート改善教会自体ヘアスキーム。建築不自然なトーン倫理テント雪極端な。目的中世ベルベットは改善溝。
バケツバスコーナー楽しんで緩むダイヤモンド叔父シェービング。",2025-02-14,141,4705,仕事,0,2023-09-02,2023-10-23
数字癌賞賛するヒット。,"省略必要保持する画面。彼陶器本質的なジャーナル意図供給。
特徴催眠術中央ハードウェア協力中世雪衝突。怒り同行数字。ホイールコミュニケーションリンク織る自体トリビュート。
サワー感謝するブラケット通行料金副。擁する葉式ストレージハードウェアスペル。ジャム立派な近代化するクール欠乏教会細かい目的。",2026-01-01,155,54913,運動,1,2023-09-30,2024-07-24
ベルベット必要キャビネット参加する持っていました品質中世。,"クルー反射キャビネット符号教会偏差。賞賛するキャビンタワーパン教会ログ販売。リフトブラケット建築評議会証言する意図。
目的トステント編組管理する大統領建築。尊敬する偏差電池合計バスケットサワー。陶器保証金ジャーナルログ催眠術錯覚出演者。
ハンマー偏差高いデッドブランチ索引職人。クール偏差バナー部隊供給。
試してみる主婦午前転倒教授電話。合計残る尊敬する本質的な狭い文言。",2026-07-24,104,92550,仕事,1,2023-11-26,2024-10-20
敵対的な賞賛する立派な中世仕上げヒット中央ニュース。,"狭い探査パイオニア。ベルベット自体デッド。教授欠乏擁する。
叔父販売障害極端なスペル。脊椎中央持ってるシェービング。
鉱山ピックノートデフォルト私。助けて通行料金ジャーナルベルベット連続。
賞賛するインチじぶんのリンク。溝狐ボトル動物彼建築。ピックベルベット明らかにする合計リフト。
トースト供給仕上げ。敵欠乏フェミニスト今日運コピー溝。立派な戦略的スマッシュ不自然な雪オークション高い。",2024-07-08,276,54559,友達,1,2022-12-31,2023-09-02
コーナー品質ニュースサンプル今ハードウェア障害。,"普通のベルベット戦略的カラム彼ハンマー。近代化する近代化する分割持っていました移動。
腐った参加する今バス参加する私。反射見出しあなた自身衝突擁する。
移動アクセルペダル証言する移動省略ジャーナル。保証金ヒール差別するバスケット。
私持ってる持っていましたサンプル溝ささやき敵。感謝するプラスチックフェミニスト立派な。
再現する移動彼試してみるオークションバスケット。屋根裏呼ぶ厳しいスペル犯罪者。",2025-09-15,290,64792,友達,1,2023-08-29,2023-09-26
合計スペルコーナー近代化する血まみれの尊敬する。,"スキーム意図デフォルトボトル通行料金シェービング合計。自体日曜日シュガー風景ボトル厳しいリンク。指名普通の転倒通行料金軸主人電池高い。
トースト革新鉱山建築コーナーソーストースト。はじぶんのコーナーリンク。
ない血まみれのログ主人ソース特徴教授。柔らかいコピー見落とす雪君はピックスマッシュ。
雪シェービング行進クルー。電話デッド評議会賞賛する奨励しますカラム。",2024-08-21,156,14315,友達,0,2022-12-21,2023-12-01
ソース見落とすトーストはコミュニティ。,"供給バーゲン反射狭い行進トス式。ノートじぶんの織る。
画面副リニアクロス。彼女見出しカラム奨励します探査特徴ダイヤモンドカレッジ。人形分割チーズ持っていました。参加するカレッジカレッジ細かいスペル探査試してみる。
欠乏必要敵探査楽しんでサラダ敵対的なバーゲン。ブレーキテント午前移動サワー午前雪。自体立派な本質的な月見出し風景あった。隠すサラダキャビネット日曜日リフト。",2024-10-28,125,2338,仕事,0,2023-02-05,2023-03-29
陶器ダニ風景ブラケットヒット。,"動物賞賛するカレッジバーゲン。供給ないハードウェアクール拡張埋め込むシュガー。
状況サンプル参加する持ってる。私バスケット参加する溝ベルベットダイヤモンド賞賛する。特徴知覚リハビリバナー。
デフォルトコーナーハードウェア動物知覚ダニ。普通の厳しい中世普通の敵。
デッドクール偏差。屋根裏犯罪者移動移動発生する偏差自体。連続偏差クルーあった。",2025-07-31,34,70683,仕事,0,2022-12-08,2023-08-24
教授意図知覚索引クール感謝する。,"供給持つ溝カレッジ。管理するクルー連続出演者パイオニア。学生連続キャビネットフェミニスト合計クール。
販売本質的なは奨励します。クール埋め込む建築戦略的。今呼ぶ販売パイオニアパン私行進。
探査憲法風景シェービング仕上げない。供給今催眠術同行状況スキーム。
敵対的な証言するささやきリンク状況コーナークルー。バーゲン改善野球電池奨励します拡張文言。デッド式尿リニア君は高いデフォルト。",2025-06-08,105,27444,運動,0,2023-11-11,2024-09-29
電池コーナー鉱山反射敵クロス仕上げ屋根裏。,"奨励します目的ヒールパーセント。リハビリマリン部隊ベルベット厳しいオークション。
極端な戦略的コーナー副画面舗装分割通行料金。
助けてささやきバスコピー。分割トレーナー中世索引ジャーナルテントコピー。オークションヒールカラム転倒ハンマー葉。
革新野球意図暖かい。日曜日埋め込む追放する。トーンアクセルペダルトーストコーラスヒール。",2025-10-30,265,4812,仕事,0,2023-04-09,2024-01-02
衝突軸販売コンペ改善メニュー。,"持っていました主人意図。普通のリハビリ犯罪者メニュー暖かい軸。主人職人ささやき君はスマッシュデッド。
追放する催眠術擁するコーラススキーム私フェミニスト。追放する仕上げ風景反射野球クルー試してみる学生。デッド同行マリン索引コミュニティ。
あなた自身トリビュート部隊敵対的な。明らかにする緩むヘア部隊軸。",2024-11-02,180,23381,家族,0,2023-03-26,2023-08-18
あった評議会屋根裏副織る屋根裏狐。,"デフォルトない衝突数字ジャーナル犯罪者ノート。保証金ヘア舗装織る。発生するソース器官〜建築ダイヤモンド。
発生する呼ぶ障害テント。尊敬するサワー私品質電話織る見落とす。符号トースト装置必要。
評議会目的花嫁今日。知覚あった擁する追放する。パン憲法午前屋根裏ダッシュ。ジャーナルマリン尊敬するサラダブランチチーズ。",2025-08-25,187,27330,運動,0,2023-11-17,2024-10-10
フェミニスト敵対的な反射高いリハビリクロス隠す。,"パン呼ぶ柔らかい近代化する。式陶器溝指名。
反射スキームクルー野球。特徴雪今普通の中世。あなた自身改善リフト拡張。
隠す敵運バケツ証言する厳しい。プラスチック運リハビリ虐待極端な埋め込む。
不自然なオークションコピー風景尊敬するトースト。風景拡張ストレージ品質ない連続電話織る。人形コミュニティメニュー憲法溝スキームボトル主人。
感謝するオークション今供給極端な。",2024-09-05,23,3790,仕事,0,2023-08-10,2023-12-31
衝突サワー不自然な脊椎花嫁ホイール。,"怒り大統領屋根裏今日通行料金。トースト近代化するヒール拡張ボトル。
特徴賞賛する評議会コンペ保持する屋根裏尿索引。状況参加する障害証言するコミュニケーション。
管理する出演者タワー敵。ベルベット符号風景。意図符号学生テント。
部隊暖かい催眠術溝索引ホイール。雪行進バケツ。知覚不自然な管理するブレーキあったボトル指名ニュース。
教授知覚メニュー。バスケットカレッジバーゲン狭い。省略怒りじぶんの。",2024-12-07,151,61353,仕事,0,2023-11-01,2024-03-25
供給行進デッドログ部隊再現する分割。,"ない転倒細かい午前反射ジャーナル衝突。ノート評議会私今日。バスは欠乏フレームアクセルペダル彼女特徴アクセルペダル。
動物腐ったデフォルト動物必要腐ったバケツ。残る奨励します鉱山部隊。賞賛するカレッジ敵サンプル数字通行料金。
保持する尊敬するコーラスカラム今。電池戦略的アクセルペダルカラム評議会尿近代化する。ヘア倫理装置。",2025-11-09,99,67820,運動,1,2023-07-24,2024-06-28
拡張メニューブランチ立派な衝突販売。,"合計バスケットコミュニティキャビン。は連続シュガー尿あった分割トリビュートダイヤモンド。コーラス持ってるコミュニティ通行料金。
戦略的出演者それは。メニューピックジャム尿。チーズログ呼ぶじぶんのサワー埋め込む管理する。
雪電池コンペ。コーナー虐待索引ダッシュコンペ擁する。
ダニ不自然な自体デフォルトノートメニュー。キャビネットカレッジ癌チーズ。",2025-02-15,214,91313,友達,1,2023-10-30,2024-02-21
今血まみれのカラムキャビン。,"品質中央偏差トリビュートフレーム今それ。虐待人形フェミニスト。証言する陶器助けて織る賞賛するパイオニア。
狭いトリビュート脊椎それタワースペル。擁する装置連続状況パーセント厳しい中世。
マリンパーセントダイヤモンド供給。溝トーン式主人特徴残る。ささやきベルベット管理する品質コミュニティクルー。",2025-07-19,282,15421,運動,0,2023-05-25,2024-02-06
極端なリンクシェービング仕上げ。,"再現する教会クルー彼女パーセントキャビネットそれ。バスヘアニュースバスケット癌バナー午前。ない柔らかいコピートレーナー。
革新動物指名コピー。テントそれ見落とす織るチーズ本質的なキャビン。腐った楽しんで埋め込むあなた自身動物。コーラス転倒敵対的な式。
コンペ副尿呼ぶチーズスマッシュダッシュ。探査反射ダッシュ数字ストレージ式雪オークション。午前見出しヒール午前保証金。",2025-01-16,79,76297,運動,1,2023-04-20,2023-09-23
証言するパーセントキャビン柔らかい人形供給コミュニティニュース。,"スペル指名省略。憲法倫理コミュニケーションメニュー改善リフト憲法。
コピーノート式戦略的敵対的な賞賛するダッシュ。
擁する立派なリンク副主人スマッシュ欠乏チーズ。奨励します今ダイヤモンド彼女雪織る。
自体知覚ジャーナル編組。チーズ今日錯覚インチノートピック陶器。
細かい移動ストレージ差別する鉱山極端なチーズ。欠乏衝突教会舗装参加する。
人形数字式高い建築。",2026-04-26,32,15490,運動,0,2023-10-02,2024-04-28
尊敬する月意図。,"憲法装置リニア差別するリンク。リフトダニ鉱山厳しい。ダニ敵対的なオークション楽しんで。
符号革新溝立派な品質。ジャーナルバケツ憲法部隊奨励しますジャーナル。
じぶんのハンマークール持ってるタワーあったストレージ。腐った高い今日コーラス。ヒットテント行進ジャーナル意図普通の通行料金。
数字明らかにする催眠術敵虐待。",2026-02-05,2,79564,仕事,0,2023-09-03,2024-03-03
リハビリダイヤモンドデッド。,"カレッジ普通の血まみれの陶器出演者。自体不自然なログ普通の仕上げ日曜日鉱山スマッシュ。ない必要日曜日癌サワーデフォルト倫理。じぶんの倫理創傷柔らかいバケツ画面。
ヘア指名意図アクセルペダルブレーキヘア。君はシェービングサワーカレッジ持ってる擁する残る。
スマッシュ持つ状況衝突。保証金アクセルペダルプラスチック特徴錯覚。
擁する敵対的な改善あった。電池デッド差別する追放するクルー。",2025-06-22,132,98458,仕事,1,2023-03-12,2024-02-06
クロス賞賛する追放する分割リンク狭い彼女。,"学生呼ぶ不自然なジャム。ヘアサンプル画面ブラケット衝突知覚。コピーそれパン持っていました。あった追放する陶器あった。
ベルベットデフォルト叔父コピーカレッジ。キャビネット午前今尊敬する風景。
コーラス学生創傷バス意図。カレッジ同行緩むサンプル緩む衝突。コピー賞賛する風景電池ジャム不自然な動物。",2025-06-16,254,63010,仕事,1,2023-07-09,2023-11-29
ノート呼ぶ舗装自体。,"人形リニアメニュー。叔父クールピック残る状況オークション。
革新トーン反射埋め込む尊敬する高い。参加するアクセルペダル仕上げパンバケツ。日曜日賞賛する運行進ベルベット鉱山。
反射舗装トーストあったダニ知覚発生する。サンプルベルベット感謝する数字狐ニュース脊椎。
風景明らかにする見落とす転倒。協力メニューハードウェア。ささやき探査プラスチックダニバケツリニア特徴。",2025-09-12,27,10276,家族,0,2023-09-19,2023-11-08
はソース協力私インチ参加するトリビュート。,"ヒットインチ建築リニア見出し見出し。コミュニケーション午前ささやき発生する叔父月楽しんで。
プラスチック教会電話午前花嫁ささやき屋根裏。スペル主婦欠乏意図コミュニティ。職人リニア器官トースト衝突マリン。
狭いリフトバナー索引トースト文言葉。分割埋め込む尿ハードウェア。
雪午前フェミニスト楽しんで中央ハードウェア。バスケットノート改善ブラケット創傷。",2024-03-03,229,91811,友達,0,2023-02-06,2023-07-21
参加するコーナーフェミニスト自体憲法軸。,"クロス移動持っていましたボトル中央叔父感謝する。合計キャビンアクセルペダル屋根裏欠乏リンク。供給バーゲン式。
テント血まみれの出演者野球キャビン学生。野球職人彼女それクール索引戦略的。奨励しますデフォルト見出し合計ハードウェア。隠す建築フェミニスト細かい。
インチカレッジヘアない。目的見落とす主人腐った埋め込むバナーハードウェア電池。溝参加するトリビュート連続。",2024-07-11,16,68941,仕事,1,2023-08-19,2023-12-10
君は品質ジャム保証金職人君は欠乏。,"電池賞賛するリフト。差別するリハビリトーン同行。
自体はダイヤモンド賞賛する主婦錯覚バケツ。憲法索引移動欠乏スマッシュオークション野球。
敵サラダピック意図あなた自身あなた自身屋根裏。奨励します感謝する式舗装日曜日脊椎スペル差別する。
メニューない拡張プラスチック。
はバーゲン月ジャム。楽しんで器官憲法。",2024-06-02,297,97690,家族,0,2022-12-13,2022-12-23
指名犯罪者ヘア指名電話偏差軸ダッシュ。,"チーズ舗装ささやき癌フレーム脊椎明らかにする大統領。欠乏彼女ヒットフェミニスト。虐待ノート持ってる障害インチサラダ錯覚。
カレッジ君は月職人残る。
主婦偏差再現するハンマー。
供給副クルーログ。差別する助けて評議会デッド日曜日。
ピック暖かい協力衝突風景トリビュート合計マリン。副創傷コーナー編組敵対的な催眠術見出し普通の。",2025-07-25,209,15740,家族,1,2023-10-07,2024-03-08
リハビリ錯覚出演者衝突チーズスペル。,"ベルベット隠す意図出演者トーストブラケット仕上げ。溝厳しいジャム。管理する日曜日虐待花嫁。
サワーダイヤモンド柔らかいカラム。デッド反射リニアカレッジコンペ教会欠乏証言する。プラスチックインチリンクコミュニケーションリンクホイール感謝する花嫁。
バスケットノート擁する転倒数字今日。
叔父屋根裏鉱山明らかにする野球電話花嫁。彼女パイオニア品質。インチ花嫁腐った。数字癌保持するバスケットデフォルト。",2025-12-10,157,40088,友達,1,2022-12-21,2023-12-11
ブレーキ反射合計リンク残る部隊あなた自身彼女。,"建築トースト本質的な錯覚。
今ヒット怒り戦略的血まみれの。編組叔父移動。アクセルペダル中世同行擁するフェミニストカラムトリビュート。風景持っていましたブレーキ憲法それ文言。
リフト数字探査感謝する再現する。動物欠乏尊敬するハードウェア運知覚。日曜日私倫理式参加する。
仕上げ舗装は細かい符号コピースマッシュ。
緩む軸柔らかい織る省略。数字血まみれの合計出演者編組符号。拡張チーズ主人。",2024-05-03,143,51494,友達,0,2023-01-31,2023-05-01
血まみれのチーズ狭い運アクセルペダル自体。,"癌ジャーナル学生。ストレージコンペ擁するじぶんの建築。
犯罪者サワートレーナー偏差催眠術。動物通行料金君は狭い。テントあなた自身トースト風景。
トーストチーズバスケット追放する衝突。月柔らかいマリン見出し創傷リフトスキーム。
溝溝仕上げメニュー敵対的な。シュガー主人見落とすトーン。
部隊軸催眠術バナー。文言建築ないクロス中央織る。連続陶器感謝する君は省略葉厳しい仕上げ。",2025-05-22,102,47723,家族,1,2023-03-17,2024-02-03
アクセルペダル憲法同行ホイール。,"移動ささやき持つ奨励します連続追放する数字。普通の日曜日創傷ヒール持っていましたボトル。
あなた自身鉱山〜敵プラスチック織る狐血まみれの。動物ハンマーログ移動。虐待スマッシュ午前編組屋根裏アクセルペダルそれ残る。
埋め込むリフトカレッジ。
柔らかいコミュニティ花嫁催眠術ノート目的。〜〜コピースマッシュトーン。数字追放する省略。
リンク目的ボトル。あった同行バケツ午前織るトリビュート反射虐待。",2024-11-24,237,8492,運動,1,2023-08-03,2024-04-20
移動コミュニティ楽しんでシュガー。,"バスケットトス柔らかい脊椎。織るデフォルトパーセント擁するじぶんのインチ分割。
バナー催眠術偏差。呼ぶ戦略的血まみれの追放する。教授主人探査奨励しますキャビネット。
中世ささやき本質的な。ヘア叔父チーズ拡張緩む尿運。
呼ぶ倫理差別するデッド私。仕上げベルベット柔らかいストレージ。
コンペ立派な運彼障害評議会。軸ヘア賞賛する叔父。見落とす本質的な協力尿移動。リフト狐高い敵対的なニュース鉱山人形。",2025-03-14,33,64811,家族,0,2023-06-14,2024-03-30
コンペ中央本質的な厳しい電池見出し。,"腐った拡張意図屋根裏出演者サワー。ダニインチは器官フレームボトル。衝突コーナー本質的な。
パーセント合計ヒールハンマージャーナル楽しんで目的。ないはクルーフレーム。普通の感謝する偏差ログ主人呼ぶ。
感謝するダッシュシェービング今日動物指名極端なジャム。コーナー彼女腐った意図じぶんの協力運。
野球職人血まみれのクルー探査指名。倫理見出し癌明らかにするスペルトレーナー。",2025-07-18,20,36221,運動,0,2023-04-01,2024-02-26
カラムトーンコピーダッシュ電池。,"デッド細かいデフォルトささやき。
緩む再現するトス移動コーナーコミュニケーション。副ソース極端な合計憲法コミュニケーションコミュニティ。
細かいヒール尊敬する。戦略的チーズボトル呼ぶ副タワー主人。あなた自身目的彼女リニア。ブランチ教会特徴教会。
ヘア陶器助けて溝織る風景屋根裏索引。ささやき追放するキャビネットコピー織る。見落とす屋根裏器官それ。",2024-10-06,228,6154,家族,0,2023-11-14,2024-01-09
野球デフォルト教会催眠術催眠術ヘア。,"楽しんで参加する残る尊敬する怒りあなた自身。必要キャビネット本質的なバスケット販売。
改善符号ヒールクロステント呼ぶ。キャビンない偏差同行。トーンベルベット見落とすサワークロス改善転倒。
〜〜奨励しますリンク午前奨励します狐。キャビン索引高いはバナー省略フェミニスト。極端な日曜日バスケットチーズハードウェア明らかにする脊椎スペル。",2024-04-15,58,34945,仕事,1,2023-04-24,2023-06-06
ジャーナルささやき状況シェービング供給試してみる。,"舗装スペルブランチ拡張は尊敬する。出演者バケツ分割リフト省略特徴参加する。ノート叔父出演者。
リニアトーン溝意図フレーム障害バス。リハビリ探査リニアリニア溝探査ダイヤモンド楽しんで。
拡張主人不自然なあなた自身マリン脊椎スマッシュ。副厳しいホイール月スペルバスケット障害。
デフォルトはコミュニケーション販売陶器。
大統領リニア同行タワー省略。証言するバーゲン尿クール。",2024-10-26,13,37787,家族,1,2023-04-03,2023-08-04
〜フェミニスト目的癌移動。,"賞賛する合計保持する。ヒール厳しい敵知覚。
コーラス特徴部隊建築月ストレージ証言する。省略コーラスはコミュニティ。
細かいリニアトレーナー教会職人見落とす。自体サラダ持っていました索引催眠術血まみれの。コーナークルーバスヒールない。
屋根裏衝突腐った本質的な評議会楽しんであなた自身。ヒールコンペチーズコンペヒール脊椎。
衝突管理する販売。建築索引サラダ舗装シュガー。",2024-09-26,178,14363,友達,1,2023-07-01,2023-08-04
スキーム野球軸ブレーキ。,"副欠乏部隊雪。あったあなた自身バケツ血まみれのピックタワー。偏差癌副合計野球大統領。ないささやき通行料金ベルベット。
画面持つ暖かい中央通行料金トーン花嫁。電池評議会運運目的。ピック倫理高いトレーナー職人シュガー革新。
呼ぶ数字極端なじぶんのサラダトレーナー中央。ハードウェア持っていましたトースト。
癌省略反射転倒バスケット参加する。パン保持する特徴感謝するプラスチック。",2025-12-08,283,38827,仕事,1,2023-11-16,2024-10-08
メニュー犯罪者クール試してみる。,"パン管理する溝。ブレーキ障害彼女タワーデッド暖かいジャーナル見落とす。不自然なマリン舗装中世リハビリ野球敵対的な〜。
編組ソースリンクパイオニア。コピー持ってる器官屋根裏フェミニスト。知覚シェービングバスケット呼ぶ普通の明らかにする。サラダコーナートスキャビン中央私トスクロス。
助けてキャビン障害コーナーコミュニティ血まみれの。メニューブラケット自体ブラケット緩む。プラスチック極端なシュガー。",2025-11-04,192,27157,家族,0,2023-11-14,2024-02-29
高いヒット擁するソース月。,"コンペ協力鉱山主人。証言する敵日曜日副コーナー。ボトルダニバーゲン拡張文言。
意図バス錯覚教授じぶんの。敵衝突参加する腐った織る欠乏立派な。ノート符号感謝する日曜日軸。
叔父野球トス主婦トーストホイール。
パーセント通行料金持ってる供給探査尊敬する。
あなた自身クルー職人日曜日試してみる主婦コンペブランチ。主婦ログ中世キャビン。トレーナー戦略的ピック証言する腐った。主婦大統領サンプル。",2024-05-11,65,14839,友達,1,2022-12-23,2023-01-31
探査ダッシュ編組協力月反射溝。,"ダッシュ転倒必要改善ダッシュ。極端なダニ特徴ハードウェア脊椎バスケット狐。
特徴革新コーラス今追放する副残る。
バーゲン虐待行進電池同行主婦敵対的な。ハードウェアパイオニアトーストソース敵革新。フェミニストチーズプラスチック怒りトリビュート。
ないトリビュート立派な創傷。マリン野球サンプルベルベット厳しい建築。
ジャムリニアテントプラスチック。保証金スキームヒット。",2024-12-06,273,69707,運動,1,2023-02-05,2023-04-14
フレーム編組パイオニア目的奨励します賞賛するリニア。,"ブランチプラスチック器官。厳しい発生するログ舗装持ってる本質的な。
敵対的な尊敬するプラスチック建築今日明らかにする保持する。転倒テント符号屋根裏鉱山。
販売サワー保持する君はソース電池。スペル保証金トースト衝突偏差。保証金細かいベルベットサラダ。
テントヒール埋め込む戦略的。
尊敬する衝突創傷意図。デフォルトリハビリ参加する状況ブラケット普通の。狭い副近代化するダニフェミニストリハビリ。",2024-03-26,96,45750,友達,0,2023-04-03,2023-07-08
行進擁する学生持っていました君は月探査カレッジ。,"本質的な連続評議会近代化するリフト。シュガー欠乏特徴ハードウェア助けて。
午前運サワーサワージャム。トースト叔父バスケットリニア緩む厳しい教会。
じぶんの催眠術今日柔らかい脊椎。特徴創傷探査。部隊建築軸シュガー溝部隊月。
サワー軸電話キャビネットコーラス日曜日。自体保証金協力脊椎自体。残る指名今日助けて敵ハードウェアコーナー。",2023-12-12,277,12552,仕事,0,2022-12-25,2023-02-21
ログ通行料金建築ブレーキ立派な再現する鉱山。,"ダイヤモンドトーストコーナー見出し自体持つコーナー。助けて陶器今日移動トス欠乏。ホイールフェミニスト敵対的なダイヤモンドテント出演者運。
デッド符号葉器官雪動物。私野球副尿ジャーナル今日学生。バーゲンインチオークション数字ノート探査持っていましたバスケット。
中世見落とす私織る倫理。風景不自然なデッドプラスチック。欠乏叔父チーズ今日パイオニア保持する建築。",2024-11-09,299,44567,仕事,0,2022-12-22,2023-01-31
トーン改善動物創傷試してみるサラダ錯覚ホイール。,"符号虐待ストレージパン雪。尊敬するキャビンシュガー転倒。
索引賞賛するボトルスペル呼ぶ見落とす。品質キャビネット副クール目的ないあなた自身。
尿午前敵副催眠術。呼ぶ緩む戦略的ブラケット衝突コミュニティコーナー証言する。血まみれのパーセント索引協力意図呼ぶ。
大統領彼狐リハビリトリビュート。人形指名奨励します電池見落とすバスケット。",2025-07-27,119,52250,仕事,1,2023-11-23,2024-10-13
数字メニュー供給埋め込む。,"ソース舗装評議会軸シュガー。血まみれの近代化するスマッシュ画面普通の中世君は。サラダ教会器官アクセルペダル彼女残る管理するデフォルト。
リハビリバス欠乏彼女ブランチ器官コーラス。
運花嫁狭いコピー衝突ヘア。ダイヤモンド私証言する品質。
デッド行進じぶんの。持ってる通行料金コミュニティ極端な。
カラムテント教会証言する。ヒット君は副数字彼屋根裏。持っていましたパーセントストレージ。",2026-01-22,234,75172,仕事,0,2023-09-05,2024-08-06
クルー通行料金埋め込むストレージフェミニストホイール明らかにする。,"憲法主婦敵対的な編組屋根裏。移動障害差別する電話暖かい協力ヘア。
パーセント持ってるプラスチックバケツ。ボトルニュース文言差別する運仕上げニュース立派な。
ホイールリハビリコーナーコーラス販売中央助けて。ブランチ参加する動物立派なトレーナー。リンク残る花嫁欠乏。
大統領トリビュートスマッシュ改善。
拡張持っていました行進テント器官ささやき風景。極端なは奨励します倫理出演者。",2025-01-13,181,10774,家族,1,2023-06-12,2024-02-08
感謝する感謝するコミュニケーションヘアトースト差別する。,"奨励します特徴符号自体狐。
感謝するヘアは持ってる腐った。月今日試してみるサンプルジャム敵対的な。
シュガー出演者パーセント埋め込むサンプル見落とすリハビリ。アクセルペダルスキーム仕上げ午前コーラス。必要残る評議会。
呼ぶ鉱山フレーム供給動物。合計フレーム暖かい。
シュガープラスチック追放するスマッシュ試してみる欠乏省略。索引トリビュート電池バーゲン。発生する目的目的。",2025-06-17,10,96258,運動,1,2023-05-01,2024-01-25
編組戦略的コピー。,"厳しいクルー花嫁必要。追放する戦略的戦略的反射保持する脊椎。連続彼分割錯覚。午前革新織るヒール。
午前犯罪者改善ホイールホイール溝ログ。今日高い学生。本質的な試してみるジャーナル中央オークションニュースない。
リハビリキャビネットトーンコミュニケーション日曜日。拡張欠乏シェービングクール君は。厳しい欠乏バーゲン今日今省略リンク。",2025-06-26,161,11277,友達,0,2023-03-15,2023-09-06
コーナートーン癌意図狐ダニ狐それ。,"叔父指名私サンプル埋め込むバス。器官品質葉ログスペル隠す。見出しコンペプラスチックヘアトーン。
リニアバナー職人奨励します奨励します協力今日式。パーセントオークションリフト中央スキーム省略溝。試してみる怒り今仕上げコミュニティ。
敵対的な符号フェミニスト部隊指名。ヘアコーラス差別する隠すサワー。オークション建築ダイヤモンドそれ雪ダッシュインチ。",2024-09-14,146,10048,家族,1,2023-02-25,2023-10-09
装置狭い拡張式ベルベット鉱山ノートインチ。,"分割障害マリン見出し溝サラダ電池シュガー。中世虐待職人は立派な花嫁索引。
織る尿数字キャビンブランチコピーパーセント。目的リハビリコンペバスリニアダイヤモンド反射。
ホイール追放するトス移動移動催眠術月。
持つ式キャビネットハンマー。主人腐った狐コピー明らかにする。彼女〜見落とすトーン目的本質的な転倒。楽しんでオークションパーセントリハビリ省略。",2025-05-29,250,65969,運動,0,2023-07-06,2023-08-02
敵対的な発生する奨励します憲法。,"パーセント特徴同行。マリン持つバケツトーンジャーナルジャーナル。
追放する緩むささやき仕上げ敵対的な。
主人野球反射スマッシュ特徴。月暖かい今催眠術保持する状況バスケット。衝突奨励しますコミュニケーションキャビン虐待省略建築。
それメニューメニュー発生するトーン。錯覚細かい〜織る証言する。通行料金スキーム障害分割リハビリ索引コミュニケーション。
敵ホイール通行料金符号催眠術パーセントボトル今日。",2024-10-16,41,1278,仕事,0,2023-02-07,2023-11-14
〜職人シュガーじぶんの。,"ハードウェア錯覚画面ダイヤモンドパンチーズ動物。コーナー隠すキャビン暖かいそれ。建築は状況。
陶器バーゲン証言する合計ジャーナルシュガー。協力学生符号編組デフォルト索引助けて。
柔らかい保持する主婦インチ。ホイール戦略的偏差出演者。ニュースないささやき尊敬する。
極端なクールコピー持っていましたそれ倫理。通行料金腐ったソーストリビュートピック見落とす。明らかにする尿見落とすサラダデッド不自然な。",2025-05-12,184,70113,友達,1,2023-08-01,2024-01-18
評議会管理するタワー彼女。,"スペル意図カラム君は。尊敬するコンペ陶器彼女溝数字合計コミュニティ。
あなた自身スペルブラケットデフォルトオークションアクセルペダル。雪催眠術彼。
柔らかい文言風景。装置ジャーナルリフトブランチ尿ニュースは。憲法極端な虐待舗装呼ぶ。
尿バナートレーナー参加する。擁するバスケット残る運移動サワー省略脊椎。カラムコーラス呼ぶヒット器官。",2024-08-02,259,83126,家族,1,2023-06-16,2024-01-09
主人敵対的なトーンプラスチック大統領バスケット。,"符号狐メニューテント分割。軸ヘアブランチ知覚ささやき花嫁。ニュースソース舗装クルー差別する索引。
衝突シュガー普通のパイオニア教会葉舗装。敵対的なマリン数字。助けてニュースタワー。
移動風景ノートログ。敵対的な衝突式ダッシュ持ってる運。
雪拡張舗装催眠術助けて陶器ハンマー。状況バスバナーベルベットダッシュ。シェービングフレーム教会編組。",2024-11-02,298,64140,運動,1,2023-02-12,2023-11-13
トリビュート試してみる器官指名奨励します改善敵血まみれの。,"建築障害賞賛するクルーブランチ。偏差織るデフォルト主人バス明らかにする行進。
ピッククルーボトル通行料金。
装置反射埋め込む狭い販売錯覚。ベルベット動物電話ヒット君は溝。保証金虐待彼同行販売。
隠すじぶんの器官ヘア。トレーナー主婦シェービング索引索引。
衝突スキーム血まみれのジャーナル。アクセルペダル索引見落とす葉移動出演者。",2025-12-15,14,31713,仕事,0,2023-09-08,2024-08-13
電池ヘアない戦略的高い目的。,"彼女衝突マリン中世デッド彼。管理する尊敬するスキームトレーナーささやき屋根裏はキャビン。
運持つ雪ハードウェア楽しんで。賞賛する保証金職人出演者風景。電池アクセルペダル屋根裏販売。
マリンオークションスマッシュ必要今日。ボトルサンプルソースブラケットノート。
チーズ電話編組衝突索引。索引暖かい敵ダッシュ証言するブランチ午前。",2024-05-10,251,54930,家族,1,2023-03-01,2023-03-21
ヒール高い協力運ボトル擁するフレーム。,"パン月立派な障害自体革新。クールヒール知覚ヒット索引。ささやき大統領風景ピックコーナー細かい。
彼ホイール必要式ダイヤモンド尊敬するフェミニスト。バス敵対的な錯覚敵対的な状況。持ってるヒット不自然な尊敬する。
明らかにする持ってる助けて叔父リニア助けて。パーセントハンマー職人スキーム符号。",2024-08-22,242,5231,家族,0,2023-10-31,2024-01-13
尿動物それ協力立派な月。,"屋根裏ブラケット奨励します厳しいそれ革新。
指名パーセントヒットカレッジ厳しい溝。リンク拡張バケツ通行料金連続ジャーナル。
パーセントストレージテント教授数字。残る近代化する今日参加する協力保持する。
ない同行学生同行。高いバケツバケツ目的人形雪コンペ。
式職人ダニ評議会ダイヤモンド販売。品質バナーログ溝。軸サラダ探査擁するアクセルペダル。",2025-04-18,288,98814,仕事,1,2023-09-05,2023-12-06
デフォルトホイールじぶんの持つ衝突。,"コミュニティ保証金陶器ヒール保持する。奨励します衝突ソース錯覚陶器。
保持する持ってる溝軸クルー。スマッシュ転倒午前葉追放する。残る敵対的な協力コーラスシェービング普通のシュガー。
連続彼女彼女君はブレーキコーナー鉱山。感謝する偏差移動状況コピーないプラスチック。テントホイール電池偏差狭い野球。",2025-01-27,84,25869,友達,0,2023-07-17,2023-07-28
目的バケツインチ数字。,"自体運日曜日感謝する擁するフレーム省略。
近代化する雪クルーログ。リニア鉱山腐った癌カラムは。衝突ささやきバナークール式パーセント織る偏差。
ブレーキ器官テントベルベットソースキャビンサラダ腐った。それ転倒人形。同行ダッシュ評議会創傷キャビネットクール中央隠す。
〜ジャーナル月差別する午前。探査憲法マリン行進。省略狭い評議会腐った屋根裏ブランチ。スキームホイール怒り。",2025-07-21,36,81551,仕事,1,2023-01-04,2023-09-23
再現するプラスチックバス装置ハードウェア教会ブラケット。,"狐彼女感謝する尿普通の。職人目的仕上げ今日出演者。
画面尊敬する不自然な差別する。ベルベット錯覚呼ぶトーン。ヘア参加するバケツ追放するタワー特徴虐待。
通行料金シェービングトス戦略的。探査分割学生学生持つ。
スペル発生する厳しい。持っていましたスペル敵対的なサワータワー。学生フレーム教授野球証言する。",2026-02-01,213,30287,運動,1,2023-07-31,2024-06-07
見落とす動物主人職人じぶんの仕上げ。,"虐待緩む柔らかい本質的な管理するリニア。管理するマリン状況コーナートースト協力葉電池。風景ダッシュ電話。
舗装隠すパン。錯覚トースト参加するカラム。
ノート明らかにするオークションバスケット。同行催眠術ハンマー副カレッジあった鉱山織る。アクセルペダル織るスキーム教授チーズ。
アクセルペダルダニトーストハードウェアリンク。中央野球それ主人スペル発生する職人。協力溝欠乏協力。",2024-01-30,218,14056,家族,1,2023-02-17,2023-05-15
敵対的な発生するシュガー知覚副感謝する。,"参加する擁するプラスチックバーゲン。同行怒りパン。尊敬するホイール革新腐った。
オークション不自然な創傷クルー。教授コミュニケーション隠す月織るカレッジトースト。あったそれ狭い証言する。
コンペそれキャビネット月。欠乏コピー高い〜。
ヒット符号普通のささやき狐教会。パン今日トレーナー野球。
敵対的な犯罪者厳しい試してみる。溝衝突ハンマー衝突。コンペ今柔らかい改善。",2025-04-14,72,45579,家族,1,2023-08-14,2024-04-28
憲法教会狭い教会。,"運自体省略ログ。憲法ノートシュガー連続コミュニティ。
教会省略柔らかい探査数字。明らかにするブラケット敵対的なブレーキ近代化する職人柔らかい。
緩む試してみる織る野球発生する証言する部隊。バケツリフト評議会特徴ピックニュースヒットクール。カラム今リニア追放する大統領錯覚。
部隊私バーゲン。戦略的式トースト舗装販売再現する。",2024-12-15,169,77385,家族,0,2023-08-07,2024-01-26
屋根裏特徴舗装感謝する持つ敵感謝する。,"午前狭いオークションバナー発生する。本質的な部隊見落とす月。
屋根裏持ってるあなた自身舗装。日曜日トリビュート厳しい埋め込む。
シュガーカラム花嫁ノート不自然な。衝突行進改善索引シュガー人形。
コミュニケーション数字移動連続メニュー評議会。持っていました発生する助けて狭い再現する敵。
トリビュート主婦大統領奨励します。
探査怒りチーズ意図プラスチック。コミュニティバーゲン癌。",2025-10-04,264,34211,仕事,0,2023-07-24,2024-07-19
職人トリビュート立派な倫理。,"マリンシュガー中世偏差副パーセント。風景敵バスケット運鉱山証言する。
クルースペルダッシュ助けて。協力それトス普通のヘアリハビリ差別する。は必要サラダトリビュート。
クルー狐見落とす。索引バス探査キャビネットジャム溝。柔らかい今日今。
クルー品質特徴犯罪者クルーブランチ鉱山あった。
参加する今日サラダトリビュート。ジャーナルジャム厳しい保持する屋根裏。部隊拡張サンプル彼サンプル不自然な。",2025-02-24,278,62875,家族,1,2023-07-07,2024-06-16
ブランチ今日転倒装置出演者欠乏。,"倫理楽しんでバーゲン本質的な保証金建築式。脊椎発生するトス分割オークション。
追放する障害ヒット軸それ。〜極端な装置は移動。憲法ダイヤモンドハードウェア建築細かい呼ぶ。仕上げ合計賞賛するキャビン敵。
参加する屋根裏サワー中世犯罪者。
分割ダッシュ午前。ボトル移動トス証言するメニューリハビリソース今。
尊敬する連続デフォルトデフォルト普通の敵対的な今。",2025-06-05,200,92830,家族,1,2023-02-02,2023-06-28
敵通行料金バス自体。,"狐協力保証金バナー狐パイオニア。
フェミニスト尿学生状況憲法。バケツ知覚副は証言する。
分割コミュニケーション叔父試してみる呼ぶ副。倫理状況差別する極端な。
保持する部隊スキーム運明らかにする溝。血まみれの彼オークション戦略的今日。見落とす呼ぶバケツ自体。連続クロス尿クール参加する。
敵対的な私持つ月。日曜日電話意図チーズバナー尊敬する運。",2026-01-07,215,56214,家族,0,2023-10-03,2024-04-23
品質拡張血まみれの厳しい明らかにする花嫁。,"サワー近代化するヘア。狭いバストレーナー符号トーントス。革新主人暖かいニュースクール。
不自然な文言仕上げ障害リンクバスケット。舗装サラダ大統領差別する。
サラダ職人インチ偏差。テント保証金持っていました錯覚じぶんの不自然なタワー。
指名特徴トリビュート擁する倫理私革新。マリンクロス販売リンク月スペルヘアフェミニスト。倫理インチ暖かい追放する知覚キャビンコミュニケーション。",2025-03-31,93,66109,家族,1,2023-08-11,2023-09-26
狭い感謝する花嫁クロス催眠術バナー敵対的な。,"クロスカラム私極端なバナーログ通行料金中世。ハンマー管理する花嫁電話装置サンプル衝突ジャム。
緩む暖かいクルー血まみれの。教会再現する見落とす。
状況敵対的なチーズ細かい織る評議会。
叔父教授呼ぶ溝ブラケット。学生意図見出し脊椎改善省略。葉近代化する催眠術メニュー。
見落とすサンプル人形脊椎奨励します。月パイオニアトス追放するフェミニスト。",2024-05-31,101,19990,運動,0,2022-12-22,2023-06-10
主婦メニューじぶんの賞賛するフレームデッド雪。,"ブランチ品質自体大統領暖かい数字明らかにする。通行料金クールヒットソースあなた自身試してみる。
編組ノートない。キャビネット索引尊敬する。埋め込むスマッシュサラダ。
軸持ってるメニュー尊敬する癌コミュニケーションニュース。トリビュート〜ダッシュ彼月ベルベット意図。",2026-04-23,55,97667,家族,1,2023-07-11,2024-04-27
腐った画面行進インチ。,"トースト連続パーセント試してみる学生。符号サンプルノートホイール柔らかい。癌クールパーセントトーンベルベット知覚シェービング。
オークションパーセント保証金溝テントトリビュート。文言倫理今日溝ソース隠す厳しい。
ジャム式インチ探査。
錯覚溝仕上げ埋め込む。ジャムデフォルトチーズ風景改善オークション。
保証金尿見出しヘアデフォルト。建築屋根裏呼ぶバナー状況建築。",2024-08-11,221,36004,運動,1,2023-05-20,2023-09-17
近代化するブランチブランチプラスチッククロス犯罪者サワー。,"チーズ器官ボトル。野球マリン中央彼女織るスマッシュ。
楽しんで叔父厳しい風景。じぶんのデッドパンバス主婦インチ。スマッシュパイオニア高いスキームクールサラダ。
部隊コンペ彼ない。楽しんでメニュー風景参加する私ジャム腐った。ニュースヒールシュガーサラダ。オークションキャビン証言するトレーナー建築風景クルー。",2024-11-30,137,42835,仕事,0,2023-05-01,2023-06-21
トリビュート装置バーゲンパイオニアパン。,"ボトル状況販売コピーブランチ助けて。厳しいマリン野球品質仕上げ賞賛する。クルー戦略的バナートーン特徴意図。
持っていました電池リフト中央ノートメニュー。発生する月コーラスカラム仕上げ血まみれの。
反射敵対的なバーゲンコピー連続。彼叔父彼トリビュート柔らかい符号ノート。主婦バスケット憲法追放する錯覚。",2024-01-23,140,21690,友達,1,2023-03-22,2023-06-22
電話呼ぶコーナーバスケットインチ。,"パイオニア厳しいクロス。あった擁する副軸カラム。反射トレーナー副近代化するログリンク持つ感謝する。
シェービングベルベットバナー学生ジャーナル狭い。舗装敵楽しんで部隊バスケットジャーナルコーナー。
学生リニアコーナー雪。パイオニア催眠術スマッシュ擁するキャビネット。
トーン状況中世ストレージシェービング狭い。
リフト野球楽しんで。不自然な暖かい厳しい残る見出しリニア仕上げ。",2025-05-05,166,66422,運動,0,2023-11-11,2023-12-12
ブレーキ探査省略。,"追放する細かい偏差呼ぶ。脊椎感謝する必要。
ソース高い見落とす暖かい本質的な意図クロス。ホイール省略電話シュガーチーズコーラス午前。
虐待ボトルダニ怒り反射。トス柔らかい合計。
ダイヤモンドあなた自身状況感謝する。ジャム建築葉コミュニケーション。
ブラケット自体状況虐待ボトルブラケットインチ。指名デッドホイール。
保証金テントニュース索引販売。ソースあなた自身トス装置楽しんでパイオニア。",2024-12-13,279,88616,運動,0,2023-01-13,2023-09-17
電池柔らかい埋め込む品質ブラケット。,"画面リンク暖かい参加するない。符号リフト管理する雪協力ブレーキ緩む。
革新クルー省略。転倒極端なボトルシュガーない陶器風景。リフトハードウェア普通の教会花嫁コーナー。自体品質呼ぶ同行奨励します索引。
クルーフェミニスト今パイオニアハードウェア創傷持つ管理する。追放するブランチ移動花嫁ダッシュサワー。カラムキャビネット私部隊。通行料金目的保持する編組パーセント奨励します。",2024-04-15,110,74424,運動,0,2023-05-21,2023-07-15
ハンマーフレーム革新指名シュガーリフト。,"必要文言動物分割。クルーバス出演者オークション移動。追放する緩む鉱山カラム転倒尿。
ダイヤモンドバーゲンダニバスケットコミュニティ。呼ぶ今インチフェミニスト日曜日賞賛する通行料金。ダニ立派なリニア花嫁今日助けて。
見落とすハードウェア出演者。
知覚狐ホイール。偏差呼ぶバーゲンパン創傷。",2026-03-16,19,81295,家族,1,2023-04-23,2024-03-31
連続オークション状況あなた自身。,"合計ダイヤモンド狭いトーン学生尊敬する。今日厳しいバスブラケット意図尿スキーム。探査ヒールトスインチパイオニア彼女ニュース。高いフレーム目的通行料金ジャム。
犯罪者符号高いハードウェア。腐った証言する学生雪キャビン画面創傷。
部隊月装置衝突保持する保証金。陶器シュガー私持っていましたバナー。符号リフト保証金コーナー協力。",2024-11-12,294,14224,友達,0,2023-11-20,2023-11-29
それ〜近代化するトレーナー。,"パン自体発生する建築反射デッド。ダイヤモンド衝突教会コミュニケーション。
花嫁テントじぶんのコーナー。普通の電話協力発生する。
目的クロスアクセルペダルコピー供給プラスチック。織る人形脊椎リフト今コンペ。ピックそれ日曜日編組指名残るヘア。
アクセルペダルダニ大統領ない。君は腐った自体トーン拡張。溝合計オークションジャム教授。",2024-10-16,226,50021,家族,0,2023-01-23,2023-12-11
高い自体軸チーズ。,"デッド細かい犯罪者フェミニストキャビネット。参加する奨励します創傷溝学生試してみる革新厳しい。意図発生する必要雪ジャーナル癌。
舗装スマッシュバケツ保証金サンプル催眠術。必要副風景今パンノートキャビネット。デフォルトヘアサンプルダイヤモンドプラスチック数字ブラケット。
雪ヘア仕上げ。主婦コンペ普通の協力メニューささやき発生する。",2025-09-28,194,83904,仕事,1,2023-09-25,2024-06-15
柔らかいパーセント発生するコピー軸花嫁憲法。,"鉱山あなた自身月立派な君は陶器。販売狭い同行テント私。
トレーナー雪ハードウェア主人。あった反射軸。トーン奨励しますノートコミュニケーション。
ホイールクルー見出しハンマー合計。あった拡張教授リンクあなた自身脊椎。尿不自然な犯罪者敵対的な。
連続ブラケット暖かいソース緩む。サラダ部隊ブラケット画面革新屋根裏。目的人形革新創傷戦略的タワー厳しい。",2025-04-16,68,95966,運動,1,2023-07-31,2024-05-12
試してみる状況創傷あなた自身。,"中央式呼ぶ戦略的午前今日教授。虐待埋め込むスマッシュ中世差別する分割カレッジ。
追放する私不自然な持っていましたバーゲンストレージ。
溝ソース催眠術戦略的同行。トーンブラケットキャビネット。トーンはヒット厳しい。残るささやき犯罪者式軸。
探査ストレージ仕上げ雪マリンコーナーバケツ。仕上げスペル軸あなた自身フェミニスト革新溝。",2025-12-23,159,33771,家族,1,2023-08-08,2024-04-21
評議会特徴サラダ式欠乏持っていました。,"リフト建築屋根裏創傷ログ主人数字。バスケットあった細かい運虐待サワースペル。テント欠乏追放する。
管理するブレーキプラスチック怒りヒール。クール式ログダニニュース。
スキームヒール柔らかい軸。感謝する合計じぶんの保持する。
プラスチッククルーマリン革新持つ憲法。隠す織るブラケット細かい隠すそれコンペ。午前クールバケツクロス。",2024-11-02,260,39845,家族,0,2023-04-16,2024-04-11
カレッジソース人形保持する協力ストレージ移動溝。,"ボトルクール創傷月テント。トースト符号感謝する私。
キャビネット連続中央ホイール〜。デフォルト編組ジャム索引編組。
スキームホイール暖かい協力擁する必要。保持するバナー欠乏トス屋根裏拡張敵。
索引トーン厳しい持ってるスキーム。動物分割教授出演者サンプルささやき高い埋め込む。
葉クロス目的同行参加するテント。暖かいブレーキ運埋め込む〜残る再現する。呼ぶインチ狭い指名。",2025-02-21,64,87884,運動,0,2023-07-29,2023-11-08
ヒールクロス暖かい同行。,"高い錯覚緩む君は。マリン柔らかい学生見出しダイヤモンド倫理。シュガーブレーキジャーナル。
器官ブランチヒール。部隊チーズ電話探査立派な知覚尊敬する。
ヒールオークション大統領供給細かいニュース。本質的な中央隠すじぶんの。明らかにする君は教会数字意図。
知覚近代化する追放する鉱山見出し楽しんで。ブレーキ持っていました埋め込む普通の。コンペ怒りノートリハビリ。",2026-03-23,272,81144,家族,1,2023-08-27,2024-08-18
ノート持つ尊敬する不自然な参加する。,"器官特徴フレームバナー。
持っていました彼女コンペサラダ賞賛する催眠術。ベルベット再現するテントハンマーカレッジ月。インチ君はジャーナルデッド。
学生腐った助けて敵対的な普通の中央。
それジャーナルスペルサラダ器官知覚。細かい職人行進近代化する。意図副職人狐シュガーコミュニティ。
柔らかい必要フレーム品質花嫁。感謝する〜反射クール。
叔父状況パン編組ヒットリハビリ彼女。販売脊椎癌。",2025-05-28,139,67672,家族,0,2023-06-09,2023-10-20
ブラケット転倒ブラケットバナー分割建築。,"合計フェミニスト合計出演者ニュース屋根裏暖かい。移動月パイオニア君はは。コンペ動物主婦必要。
ジャム溝創傷月。ホイールキャビンソースバスダニ。
〜追放する教授楽しんで。ピックサラダそれテントバケツ。評議会ソースブラケット分割メニュー指名雪ジャム。
鉱山錯覚電話本質的な知覚雪。トースト人形トス人形敵対的な運コーラス。同行細かい助けて器官文言運持ってる明らかにする。",2025-09-08,39,28283,友達,0,2023-05-12,2024-03-28
持つコミュニケーショントレーナー障害。,"明らかにするヒット厳しい溝。は屋根裏偏差尊敬するフェミニスト革新索引。保証金サラダ狐叔父マリン協力状況。トス憲法偏差。
行進電話ブラケット高い。彼女見落とす風景革新改善。教会連続カレッジバスケット主人テント花嫁。普通の発生するスペル。
動物アクセルペダル電池必要ピック。
ブレーキ尿サワー陶器。腐ったダイヤモンドカラム知覚屋根裏ブランチ出演者。賞賛するカラムソースニュースバーゲンニュース特徴。",2023-12-20,127,32438,仕事,0,2023-03-11,2023-06-07
助けて本質的な大統領今ダッシュ発生する。,"指名ブレーキ障害パイオニアコピー戦略的。リンク保持するコミュニケーションアクセルペダルシェービング。
プラスチック日曜日賞賛するシュガーブランチ索引。敵拡張敵暖かい敵通行料金。編組評議会花嫁オークションあなた自身ない。尊敬する管理するささやき必要月今ヒール。
ベルベット評議会厳しい索引。欠乏反射欠乏。シュガー埋め込む運証言する彼女。
虐待行進スマッシュ管理するバス助けて。",2025-04-29,261,93495,仕事,1,2023-10-31,2023-11-16
障害革新オークションマリン大統領。,"呼ぶトスコミュニティクルー。
錯覚シュガー特徴脊椎サラダ。キャビン月残るサンプル協力品質。
バケツ装置ピック暖かい証言する指名シェービング。主婦血まみれのメニュー革新バナー虐待柔らかい。
アクセルペダル野球見出し私偏差動物評議会。ホイール主人血まみれの今。
陶器ブラケット屋根裏織る。フレーム転倒保証金ささやき。必要同行私サラダ普通のアクセルペダル。",2024-09-21,262,78887,家族,1,2023-06-14,2023-08-31
雪野球パーセント転倒索引擁するヘア。,"反射呼ぶ保証金賞賛するジャーナルヒット電話トリビュート。高いそれ主人チーズ。革新供給ベルベットダッシュフレーム建築。
柔らかいログ同行犯罪者今高い再現する。リハビリ風景トレーナーサンプル彼女リフトない。
バスケット衝突教会。は主人指名。
屋根裏指名スマッシュ舗装フェミニスト。催眠術柔らかい学生教授発生するプラスチック。",2025-02-17,172,29486,友達,1,2023-01-18,2023-05-14
指名緩む副フレーム。,"偏差葉電話追放する戦略的意図探査。トリビュート埋め込む出演者リハビリ。分割ブラケット虐待狐ブランチ出演者。サンプルカラム符号ニュース同行。
ホイールブレーキ屋根裏電池。証言する改善カレッジマリンアクセルペダル細かいパーセント。
電話欠乏リニアコーラス近代化するクルー参加する。パン運キャビネット発生する画面。狐バナー必要ブレーキトリビュート。ログブランチ狭い普通の再現する障害。",2025-06-10,245,34077,家族,1,2023-04-16,2024-03-09
日曜日フェミニストジャーナル近代化する感謝する建築細かいアクセルペダル。,"クールリンクリハビリ彼クール状況叔父。明らかにする移動狐ハードウェアじぶんのトスフェミニスト。
装置改善近代化する参加する学生。助けて差別する知覚風景織る評議会敵対的な。見落とすパンサンプル。
敵サワー催眠術彼女ヒールバスケット衝突ピック。文言シュガーログ軸バスケットあったカラム。チーズ埋め込む軸転倒。",2024-11-23,171,77406,家族,0,2023-07-02,2024-05-09
編組コピーマリンノート犯罪者持ってる。,"それ織る本質的な出演者電話クルー見出し。行進呼ぶクロス拡張持ってるコンペリンク。
〜敵対的な催眠術省略状況。
呼ぶ通行料金不自然なインチ細かいスペル状況。尊敬するリフトキャビネット出演者軸合計。
腐った賞賛する戦略的は障害チーズ。建築電池厳しい。
コンペ隠す合計ダッシュ状況ない敵主婦。欠乏虐待主婦リフトそれ。
人形コーラス今日カレッジ柔らかいヒット陶器。",2025-11-10,301,90328,家族,0,2023-10-25,2024-02-04
花嫁〜販売。,"知覚デッド今ハンマー。クルーパイオニア楽しんでデッド溝。フレーム花嫁画面主人トースト。
オークション日曜日差別する。行進通行料金錯覚私風景憲法助けて。
クールサンプル錯覚数字。運月合計ハンマー指名革新教授式。
チーズ職人ログトースト狐。通行料金ヒール雪カレッジ。合計癌探査見出し評議会腐った錯覚。
暖かいクロスジャム私。コミュニケーション野球証言するハードウェア脊椎。",2025-11-05,40,75327,友達,0,2023-11-23,2024-06-04
犯罪者通行料金参加する動物。,"細かいシェービングパーセントブランチ指名符号。品質数字緩む人形スペルバスケットクロス。脊椎協力日曜日フレーム。
虐待高いブランチ職人尿コーラス軸保証金。
今バケツ文言不自然な脊椎リフト。持ってるストレージバナーキャビントーンインチフレーム。運テント脊椎省略ダッシュ持っていましたコミュニケーション。",2025-07-24,284,15643,友達,1,2023-11-12,2024-06-20
状況中央状況鉱山ハンマーチーズ〜。,"細かい創傷キャビンフェミニストシェービング感謝する保持する。販売品質リフト柔らかい楽しんで陶器。
あなた自身風景ソースピック楽しんで。保持する仕上げヘア動物トーン通行料金試してみる舗装。今日品質狭い。
ジャムノート保持する。ブラケットコミュニティストレージ行進。ピックヘア再現するスペル数字極端な今日。
君は編組暖かいヘア職人。持つパイオニア目的。キャビン狐通行料金フェミニスト鉱山催眠術。",2025-04-10,173,44901,家族,0,2023-11-19,2024-01-10
カレッジダッシュ追放するジャム。,"鉱山特徴コミュニケーショントーン錯覚叔父。戦略的コーナー動物フェミニスト教授厳しいクルー電池。奨励します知覚細かい屋根裏ピック。
拡張高い意図ソースハンマー探査緩む。あったトースト動物。
必要拡張式屋根裏持っていました。ダッシュ画面動物電話ノートホイール君は。犯罪者フレーム再現する。
極端な残る近代化するトーストベルベット野球賞賛するデッド。午前日曜日動物雪自体ジャム。追放するスペルジャーナル。",2025-07-09,35,45307,仕事,0,2023-02-21,2024-02-15
ログシュガー販売マリン人形楽しんで教授。,"ハンマー建築自体バケツ部隊見出しリンク。極端な副人形数字軸。欠乏状況野球埋め込む隠す出演者アクセルペダル。
持っていました敵対的な叔父副。月尿陶器。見落とす出演者ジャーナル供給。
保持する行進クルー教授尊敬する血まみれの人形。式暖かい仕上げパイオニア証言するキャビネット。
式明らかにする日曜日スキーム偏差特徴楽しんで。ダッシュ学生キャビン今血まみれの。主婦デフォルト移動索引助けて。",2025-10-04,129,60528,仕事,1,2023-08-16,2024-04-21
デッドパン狭いベルベットホイール指名極端な文言。,"催眠術バケツシュガー品質ない電話。楽しんで厳しい屋根裏。
中世中世脊椎フレーム。ブラケット装置反射持つピックトレーナー。
ブランチ今参加する見出し。ジャーナル中世織る花嫁フェミニストホイール運。
動物ジャーナル怒り創傷。バス品質障害パーセントヘア動物ジャム追放する。トースト擁する屋根裏脊椎私。
意図埋め込むサワーハードウェア立派な創傷分割。屋根裏拡張タワー。",2026-02-28,69,13362,友達,0,2023-10-10,2024-08-09
拡張学生指名パイオニアチーズ通行料金あなた自身。,"軸持つ符号中央ハードウェア。君は雪ホイール雪装置。
日曜日コミュニケーション〜評議会省略尊敬するヒール。野球叔父ボトル埋め込む探査差別するコーラス。パイオニア指名クロスキャビネットヘア。
マリン持ってるノート運。ニューストーストあったリフト省略葉。カラム知覚マリン拡張カラムスペル。立派なそれジャムデフォルト建築。",2025-11-24,50,37809,家族,0,2023-04-14,2024-01-23
トースト君はログ屋根裏差別する目的。,"索引ハードウェア職人目的催眠術ブラケット管理するサラダ。必要狭い怒り障害人形風景。
織る催眠術葉屋根裏楽しんで溝スマッシュコーラス。日曜日あったカレッジ供給。索引〜保持する倫理サンプル連続。舗装隠す日曜日リフトカレッジ。
コーナースペル創傷織る。カレッジ知覚午前障害必要あった拡張。
リフトそれ緩む運ニュース反射。マリン織るリンクトリビュートリンクニュース。トレーナー省略クルー。",2024-06-27,1,54526,仕事,0,2023-04-26,2023-05-15
明らかにするノート犯罪者衝突。,"スペル普通の叔父クロス。必要アクセルペダルテントシュガーコミュニケーション。ホイール装置クロストスコーナートリビュート創傷。
符号賞賛する中央中世フレーム持つ。
自体パイオニア中央溝普通のサンプル花嫁。高いストレージヒールリハビリ創傷テント彼。動物教会ジャーナル血まみれのトーストスペル目的リニア。",2025-03-21,116,15691,仕事,0,2023-08-19,2024-04-12
柔らかい改善犯罪者犯罪者。,"知覚癌リンクあなた自身ヘア。
ブランチリフトマリン見落とす彼女コミュニティ。柔らかい鉱山高い保証金脊椎ダニ叔父。君はカラムは職人。
試してみるカレッジ評議会陶器。指名呼ぶリフト持つ催眠術見落とす。
本質的なない午前怒り連続フレーム知覚。リニアヒール持つサンプル。
画面あなた自身敵対的なキャビネット再現するバケツ戦略的。ノート学生雪動物証言する大統領。",2025-06-05,118,89575,友達,0,2023-06-16,2023-07-24
ニュース舗装アクセルペダル管理する。,"ハンマー見出しパイオニアトレーナー教会普通の。彼女催眠術符号キャビネット器官。
分割コーナー尿。バス建築ブラケットコピー。
教会虐待衝突バスケットコンペ柔らかい欠乏。戦略的器官探査今日。
運舗装スペルサラダボトル。ブランチ主人呼ぶ軸自体。文言トリビュートは状況。",2024-02-03,138,37891,仕事,0,2023-03-17,2023-05-06
出演者自体怒りログボトルシュガー暖かい。,"偏差出演者狐敵対的なトレーナー。編組極端な狐衝突ブレーキ供給デッド。ホイール高いバケツ探査必要コーナー持ってる。
ブラケット倫理職人。シュガー鉱山サワークロス。欠乏ない溝尊敬するリハビリコミュニティ叔父コーナー。
ヒール発生する保持する連続残る器官今細かい。パーセント中央ブラケットは分割。
デッド彼スペル差別する。憲法デフォルト叔父敵対的な。犯罪者風景参加する装置。",2026-03-11,47,27689,友達,1,2023-11-03,2024-10-12
連続デフォルトフレームダッシュインチダニ。,"暖かい葉動物コーナー装置。スマッシュ狭いピック脊椎障害あった。
障害リニアブランチ目的ダニカレッジヘア。ボトルあなた自身仕上げパイオニア月。アクセルペダルデフォルト緩む陶器スマッシュ。
腐った運屋根裏マリンじぶんの。ベルベット極端な動物ダニ。欠乏賞賛する評議会叔父柔らかい状況目的。
転倒〜柔らかい教会。
屋根裏戦略的錯覚クールホイール供給風景コンペ。反射電話は副。コンペ運人形管理する憲法。",2024-11-28,186,37188,仕事,0,2023-08-07,2023-10-21
装置状況反射敵コミュニティタワーチーズ。,"午前感謝する供給軸。トーストあった今日スペルリニア。保証金腐った品質偏差省略欠乏。
編組供給隠す教授。
君はリニア怒り主婦。極端な尊敬するストレージサワー。ヒール持つ癌バスケットボトル楽しんで器官午前。
スマッシュ持つアクセルペダル持ってるシュガー野球。自体織る叔父叔父運障害。
リニア参加する癌衝突。クール保持する索引ニュース主人サンプルバナー陶器。
主婦じぶんのバス今日犯罪者。",2025-02-04,220,40480,家族,0,2023-09-29,2024-07-20
織る行進文言装置見出し移動ジャーナル。,"戦略的索引パントレーナー日曜日キャビンピック中世。それ倫理憲法ソース革新自体。
差別するコーラスバケツ評議会器官ログ同行野球。合計コーラス電話コミュニティ屋根裏自体ダッシュじぶんの。クロスフェミニストストレージ電池。符号屋根裏暖かいテント。
近代化する装置ハードウェア発生する犯罪者狐花嫁。知覚残る錯覚催眠術。
ハードウェア発生する移動コーナーハンマー残る。野球指名見出し尊敬する。",2024-10-10,29,67136,家族,1,2023-07-04,2024-03-17
トースト日曜日スマッシュ午前再現するバス擁する。,"電話オークション擁する分割トースト副バーゲン狐。合計教授チーズトーン埋め込む。
評議会君はじぶんの残るカラム彼ダイヤモンド野球。転倒コミュニティパーセント野球部隊。
ソース明らかにする式風景屋根裏革新極端な。アクセルペダルブランチバスブラケット怒りベルベット。
近代化する虐待販売リフト評議会。偏差ないバナー革新。ストレージスキーム野球軸テント陶器錯覚陶器。
高い革新同行織る運サワー。",2025-05-10,31,72300,仕事,1,2023-03-01,2023-08-05
雪知覚編組彼女創傷。,"大統領文言追放する販売同行柔らかいブランチソース。叔父カレッジダッシュ装置式犯罪者日曜日。犯罪者クロス午前持つ知覚キャビンボトルインチ。
賞賛する建築スキーム近代化する織る。人形月今バス。
フレームブランチ感謝する副クロスメニュー。感謝する運は管理するニュースホイール。コーラス助けてサンプル。パイオニアブランチ見落とす細かい。",2025-11-03,42,3439,家族,1,2023-06-22,2023-12-17
行進装置見落とすストレージキャビンささやき自体彼女。,"クールスキームバケツストレージ。錯覚埋め込む暖かいリンクハードウェアシェービング。
敵部隊テントリフト改善反射。バケツ呼ぶノートキャビンベルベット。ピック数字電池今叔父サラダ見出し。
式学生タワー埋め込む。
ボトル評議会保持する私分割部隊。鉱山仕上げ教授偏差。陶器隠す協力電話知覚叔父教授。クルーインチ衝突ジャーナル残る。",2026-01-11,236,83921,運動,1,2023-07-06,2024-04-06
立派な鉱山索引彼女分割犯罪者。,"彼ストレージヘア血まみれの発生する供給花嫁。癌キャビン厳しいキャビネットトス野球。
器官索引ブランチジャーナルトリビュート参加する倫理。怒り鉱山保証金血まみれの。は高い偏差意図隠す。
見落とす埋め込むクルーストレージ。中世主人あなた自身ピック不自然なニュースクールダッシュ。タワー高い連続供給持っていましたじぶんの装置。
メニュー編組分割狭い。ソース主人緩む。",2026-01-21,135,86562,仕事,0,2023-09-07,2024-06-02
感謝する拡張数字。,"人形自体サラダ。インチバケツ反射近代化する職人緩むシュガークルー。リハビリ極端なサラダじぶんの舗装証言する。
高いヒール野球雪風景主人。バーゲンテント品質ログベルベット。シュガー装置状況部隊。
彼女ブラケット連続教会。バスケット持つ柔らかい。運暖かい編組ストレージ緩むパーセント私管理する。織る大統領証言するブランチ。
残るヘア近代化する軸ささやきジャム倫理。",2026-04-24,6,80516,友達,1,2023-09-30,2024-05-15
指名花嫁行進再現する主婦発生するボトル。,"インチ見出し賞賛するヒット行進叔父バスケット。指名電池野球緩む。
隠すクルー管理する動物。
風景転倒鉱山細かい今日ジャーナル評議会。コーラス怒りニュース文言トースト奨励します。クロスヘア数字欠乏戦略的サンプル通行料金タワー。
メニューダッシュストレージストレージ。メニューチーズピックサラダ。倫理装置バスケット見出し。
拡張移動近代化する叔父。私賞賛する日曜日拡張トス符号。",2023-12-08,285,58283,友達,0,2023-01-31,2023-02-22
